relative_path,group,expected_slug,expected_name,expected_image_type,predicted_slug,predicted_name,best_image_score,final_score,confidence,top_gap,clip_correct,current_low_confidence,external_called,external_recognized,external_image_type,external_landmark,external_destination,external_country,external_confidence,external_evidence_count,external_provider,error
images/internal/phu-quoc/phu-quoc_01.jpg,internal,phu-quoc,Phú Quốc,travel_landscape,nha-trang,Nha Trang,0.8239,0.7555,0.6789,0.028299999999999992,0,0,0,,,,,,,,,
images/internal/phu-quoc/phu-quoc_02.jpg,internal,phu-quoc,Phú Quốc,travel_landscape,phu-quoc,Phú Quốc,0.7995,0.743,0.651,0.0131,1,0,0,,,,,,,,,
images/internal/con-dao/con-dao_02.jpg,internal,con-dao,Côn Đảo,travel_landscape,con-dao,Côn Đảo,0.8575,0.848,0.8844,0.029000000000000026,1,0,0,,,,,,,,,
images/internal/quy-nhon/quy-nhon_01.jpg,internal,quy-nhon,Quy Nhơn,travel_landscape,con-dao,Côn Đảo,0.8261,0.8202,0.8228,0.0020000000000000018,0,1,0,,,,,,,,,
images/internal/da-nang/da-nang_01.jpg,internal,da-nang,Đà Nẵng,travel_landscape,da-nang,Đà Nẵng,0.8778,0.8555,0.9012,0.05800000000000005,1,0,0,,,,,,,,,
images/external/statue-of-liberty/statue-of-liberty_01.jpg,external,,Tượng Nữ thần Tự do,travel_landscape,vung-tau,Vũng Tàu,0.6929,0.6758,0.5019,0.015100000000000002,0,0,0,,,,,,,,,
images/non_travel/screenshot/screenshot_04.png,non_travel,,Ảnh chụp màn hình,screenshot,tay-ninh,Tây Ninh,0.5399,0.5116,0.1369,0.0037000000000000366,0,1,0,,,,,,,,,
images/non_travel/food/food_01.jpg,non_travel,,Đồ ăn,food,ca-mau,Cà Mau,0.7492,0.6809,0.5131,0.13079999999999992,0,0,0,,,,,,,,,
images/non_travel/food/food_02.jpg,non_travel,,Đồ ăn,food,ca-mau,Cà Mau,0.607,0.5669,0.2598,0.07069999999999999,0,1,0,,,,,,,,,
images/non_travel/animal/animal_01.jpg,non_travel,,Động vật,animal,ca-mau,Cà Mau,0.6616,0.6277,0.395,0.005199999999999982,0,1,0,,,,,,,,,
images/internal/phu-quoc/phu-quoc_03.jpg,internal,phu-quoc,Phú Quốc,travel_landscape,nha-trang,Nha Trang,0.8348,0.7807,0.7348,0.03059999999999996,0,0,0,,,,,,,,,
images/internal/phu-quoc/phu-quoc_04.jpg,internal,phu-quoc,Phú Quốc,travel_landscape,ca-mau,Cà Mau,0.779,0.7351,0.6336,0.014399999999999968,0,0,0,,,,,,,,,
images/internal/con-dao/con-dao_04.jpg,internal,con-dao,Côn Đảo,travel_landscape,con-dao,Côn Đảo,0.8252,0.8216,0.8257,0.021299999999999986,1,0,0,,,,,,,,,
images/internal/con-dao/con-dao_05.jpg,internal,con-dao,Côn Đảo,travel_landscape,con-dao,Côn Đảo,0.7873,0.7873,0.7496,0.025900000000000034,1,0,0,,,,,,,,,
images/internal/con-dao/con-dao_06.jpg,internal,con-dao,Côn Đảo,travel_landscape,mui-ne,Mũi Né,0.795,0.7781,0.729,0.04239999999999999,0,0,0,,,,,,,,,
images/internal/con-dao/con-dao_07.jpg,internal,con-dao,Côn Đảo,travel_landscape,mui-ne,Mũi Né,0.691,0.6929,0.5399,0.02499999999999991,0,0,0,,,,,,,,,
images/internal/con-dao/con-dao_08.jpg,internal,con-dao,Côn Đảo,travel_landscape,mui-ne,Mũi Né,0.7191,0.713,0.5843,0.0005999999999999339,0,1,0,,,,,,,,,
images/internal/vung-tau/vung-tau_02.jpg,internal,vung-tau,Vũng Tàu,travel_landscape,mui-ne,Mũi Né,0.7215,0.7186,0.5969,0.016100000000000003,0,0,0,,,,,,,,,
images/internal/vung-tau/vung-tau_03.jpg,internal,vung-tau,Vũng Tàu,travel_landscape,mui-ne,Mũi Né,0.7282,0.7303,0.6229,0.0007999999999999119,0,1,0,,,,,,,,,
images/internal/vung-tau/vung-tau_04.jpg,internal,vung-tau,Vũng Tàu,travel_landscape,mui-ne,Mũi Né,0.8098,0.784,0.7422,0.02510000000000001,0,0,0,,,,,,,,,
images/internal/vung-tau/vung-tau_05.jpg,internal,vung-tau,Vũng Tàu,travel_landscape,can-tho,Cần Thơ,0.7046,0.672,0.4933,0.0036000000000000476,0,1,0,,,,,,,,,
images/internal/vung-tau/vung-tau_06.jpg,internal,vung-tau,Vũng Tàu,travel_landscape,ca-mau,Cà Mau,0.867,0.8171,0.8157,0.035600000000000076,0,0,0,,,,,,,,,
images/internal/vung-tau/vung-tau_07.jpg,internal,vung-tau,Vũng Tàu,travel_landscape,ca-mau,Cà Mau,0.8438,0.8176,0.8169,0.019000000000000017,0,0,0,,,,,,,,,
images/internal/vung-tau/vung-tau_08.jpg,internal,vung-tau,Vũng Tàu,travel_landscape,mui-ne,Mũi Né,0.8651,0.8412,0.8694,0.013299999999999979,0,0,0,,,,,,,,,
images/internal/mui-ne/mui-ne_01.jpg,internal,mui-ne,Mũi Né,travel_landscape,mui-ne,Mũi Né,0.8073,0.7843,0.7429,0.08299999999999996,1,0,0,,,,,,,,,
images/internal/mui-ne/mui-ne_02.jpg,internal,mui-ne,Mũi Né,travel_landscape,mui-ne,Mũi Né,0.8673,0.8416,0.8702,0.16470000000000007,1,0,0,,,,,,,,,
images/internal/mui-ne/mui-ne_03.jpg,internal,mui-ne,Mũi Né,travel_landscape,mui-ne,Mũi Né,0.7771,0.7709,0.713,0.06110000000000004,1,0,0,,,,,,,,,
images/internal/mui-ne/mui-ne_04.jpg,internal,mui-ne,Mũi Né,travel_landscape,mui-ne,Mũi Né,0.7512,0.747,0.6601,0.06489999999999996,1,0,0,,,,,,,,,
images/internal/mui-ne/mui-ne_05.jpg,internal,mui-ne,Mũi Né,travel_landscape,mui-ne,Mũi Né,0.8792,0.856,0.9022,0.14459999999999995,1,0,0,,,,,,,,,
images/internal/mui-ne/mui-ne_06.jpg,internal,mui-ne,Mũi Né,travel_landscape,mui-ne,Mũi Né,0.8104,0.8012,0.7804,0.036800000000000055,1,0,0,,,,,,,,,
images/internal/mui-ne/mui-ne_07.jpg,internal,mui-ne,Mũi Né,travel_landscape,mui-ne,Mũi Né,0.8493,0.8234,0.8299,0.13590000000000002,1,0,0,,,,,,,,,
images/internal/mui-ne/mui-ne_08.jpg,internal,mui-ne,Mũi Né,travel_landscape,mui-ne,Mũi Né,0.6893,0.6695,0.4877,0.03359999999999996,1,0,0,,,,,,,,,
images/internal/quy-nhon/quy-nhon_03.jpg,internal,quy-nhon,Quy Nhơn,travel_landscape,con-dao,Côn Đảo,0.8343,0.8002,0.7782,0.02070000000000005,0,0,0,,,,,,,,,
images/internal/quy-nhon/quy-nhon_04.jpg,internal,quy-nhon,Quy Nhơn,travel_landscape,con-dao,Côn Đảo,0.7875,0.7792,0.7315,0.011700000000000044,0,1,0,,,,,,,,,
images/internal/quy-nhon/quy-nhon_05.jpg,internal,quy-nhon,Quy Nhơn,travel_landscape,con-dao,Côn Đảo,0.8222,0.7644,0.6988,0.00039999999999995595,0,1,0,,,,,,,,,
images/internal/quy-nhon/quy-nhon_06.jpg,internal,quy-nhon,Quy Nhơn,travel_landscape,quy-nhon,Quy Nhơn,0.8773,0.8441,0.8759,0.010299999999999976,1,1,0,,,,,,,,,
images/internal/quy-nhon/quy-nhon_07.jpg,internal,quy-nhon,Quy Nhơn,travel_landscape,vung-tau,Vũng Tàu,0.8463,0.8305,0.8454,0.03320000000000001,0,0,0,,,,,,,,,
images/internal/quy-nhon/quy-nhon_08.jpg,internal,quy-nhon,Quy Nhơn,travel_landscape,mui-ne,Mũi Né,0.8136,0.785,0.7444,0.0030000000000000027,0,1,0,,,,,,,,,
images/internal/ha-long/ha-long_01.jpg,internal,ha-long,Hạ Long,travel_landscape,ha-long,Hạ Long,0.8907,0.8834,0.9631,0.09549999999999992,1,0,0,,,,,,,,,
images/internal/ha-long/ha-long_02.jpg,internal,ha-long,Hạ Long,travel_landscape,ha-long,Hạ Long,0.8647,0.8557,0.9016,0.08479999999999999,1,0,0,,,,,,,,,
images/internal/ha-long/ha-long_03.jpg,internal,ha-long,Hạ Long,travel_landscape,ha-long,Hạ Long,0.8505,0.8504,0.8899,0.07630000000000003,1,0,0,,,,,,,,,
images/internal/ha-long/ha-long_04.jpg,internal,ha-long,Hạ Long,travel_landscape,ha-long,Hạ Long,0.8574,0.8574,0.9053,0.07420000000000004,1,0,0,,,,,,,,,
images/internal/ha-long/ha-long_05.jpg,internal,ha-long,Hạ Long,travel_landscape,ha-long,Hạ Long,0.8662,0.8625,0.9166,0.06680000000000008,1,0,0,,,,,,,,,
images/internal/ha-long/ha-long_06.jpg,internal,ha-long,Hạ Long,travel_landscape,ha-long,Hạ Long,0.8598,0.8551,0.9001,0.06699999999999995,1,0,0,,,,,,,,,
images/internal/ha-long/ha-long_07.jpg,internal,ha-long,Hạ Long,travel_landscape,ha-long,Hạ Long,0.8226,0.8227,0.8283,0.06940000000000002,1,0,0,,,,,,,,,
images/internal/ha-long/ha-long_08.jpg,internal,ha-long,Hạ Long,travel_landscape,ha-long,Hạ Long,0.8204,0.8229,0.8287,0.05909999999999993,1,0,0,,,,,,,,,
images/internal/sa-pa/sa-pa_01.jpg,internal,sa-pa,Sa Pa,travel_landscape,ha-giang,Hà Giang,0.8353,0.8318,0.8485,0.00539999999999996,0,1,0,,,,,,,,,
images/internal/sa-pa/sa-pa_02.jpg,internal,sa-pa,Sa Pa,travel_landscape,ha-giang,Hà Giang,0.8785,0.8748,0.944,0.013399999999999967,0,0,0,,,,,,,,,
images/internal/sa-pa/sa-pa_03.jpg,internal,sa-pa,Sa Pa,travel_landscape,sa-pa,Sa Pa,0.85,0.819,0.82,0.008199999999999985,1,1,0,,,,,,,,,
images/internal/sa-pa/sa-pa_04.jpg,internal,sa-pa,Sa Pa,travel_landscape,sa-pa,Sa Pa,0.8665,0.8353,0.8561,0.028800000000000048,1,0,0,,,,,,,,,
images/internal/sa-pa/sa-pa_05.jpg,internal,sa-pa,Sa Pa,travel_landscape,sa-pa,Sa Pa,0.8638,0.8374,0.8608,0.012600000000000056,1,0,0,,,,,,,,,
images/internal/sa-pa/sa-pa_06.jpg,internal,sa-pa,Sa Pa,travel_landscape,sa-pa,Sa Pa,0.8718,0.8566,0.9035,0.01540000000000008,1,0,0,,,,,,,,,
images/internal/sa-pa/sa-pa_07.jpg,internal,sa-pa,Sa Pa,travel_landscape,ha-giang,Hà Giang,0.8139,0.8109,0.802,0.0038999999999999035,0,1,0,,,,,,,,,
images/internal/sa-pa/sa-pa_08.jpg,internal,sa-pa,Sa Pa,travel_landscape,sa-pa,Sa Pa,0.8703,0.8439,0.8754,0.01739999999999997,1,0,0,,,,,,,,,
images/internal/ha-giang/ha-giang_01.jpg,internal,ha-giang,Hà Giang,travel_landscape,ha-giang,Hà Giang,0.8208,0.8254,0.8342,0.027200000000000002,1,0,0,,,,,,,,,
images/internal/ha-giang/ha-giang_02.jpg,internal,ha-giang,Hà Giang,travel_landscape,ha-giang,Hà Giang,0.8534,0.8486,0.8858,0.04500000000000004,1,0,0,,,,,,,,,
images/internal/ha-giang/ha-giang_03.jpg,internal,ha-giang,Hà Giang,travel_landscape,ha-giang,Hà Giang,0.8973,0.8834,0.9631,0.050799999999999956,1,0,0,,,,,,,,,
images/internal/ha-giang/ha-giang_04.jpg,internal,ha-giang,Hà Giang,travel_landscape,ha-giang,Hà Giang,0.7933,0.7891,0.7536,0.03490000000000004,1,0,0,,,,,,,,,
images/internal/ninh-binh/ninh-binh_01.jpg,internal,ninh-binh,Ninh Bình,travel_landscape,ninh-binh,Ninh Bình,0.838,0.8377,0.8616,0.02629999999999999,1,0,0,,,,,,,,,
images/internal/ninh-binh/ninh-binh_02.jpg,internal,ninh-binh,Ninh Bình,travel_landscape,ha-long,Hạ Long,0.8495,0.8517,0.8927,0.013000000000000012,0,0,0,,,,,,,,,
images/internal/ninh-binh/ninh-binh_03.jpg,internal,ninh-binh,Ninh Bình,travel_landscape,ninh-binh,Ninh Bình,0.8122,0.8218,0.8263,0.01529999999999998,1,0,0,,,,,,,,,
images/internal/ninh-binh/ninh-binh_04.jpg,internal,ninh-binh,Ninh Bình,travel_landscape,ninh-binh,Ninh Bình,0.8522,0.8546,0.899,0.020100000000000007,1,0,0,,,,,,,,,
images/internal/ninh-binh/ninh-binh_05.jpg,internal,ninh-binh,Ninh Bình,travel_landscape,ha-long,Hạ Long,0.8462,0.8509,0.891,0.014499999999999957,0,0,0,,,,,,,,,
images/internal/ninh-binh/ninh-binh_06.jpg,internal,ninh-binh,Ninh Bình,travel_landscape,ninh-binh,Ninh Bình,0.8082,0.8088,0.7973,0.024599999999999955,1,0,0,,,,,,,,,
images/internal/ninh-binh/ninh-binh_07.jpg,internal,ninh-binh,Ninh Bình,travel_landscape,ninh-binh,Ninh Bình,0.8553,0.8521,0.8935,0.018799999999999928,1,0,0,,,,,,,,,
images/internal/ninh-binh/ninh-binh_08.jpg,internal,ninh-binh,Ninh Bình,travel_landscape,ninh-binh,Ninh Bình,0.892,0.8803,0.9562,0.005299999999999971,1,1,0,,,,,,,,,
images/internal/hoi-an/hoi-an_01.jpg,internal,hoi-an,Hội An,travel_landscape,hoi-an,Hội An,0.7891,0.7703,0.7117,0.005599999999999938,1,1,0,,,,,,,,,
images/internal/hoi-an/hoi-an_02.jpg,internal,hoi-an,Hội An,travel_landscape,hoi-an,Hội An,0.8499,0.85,0.8888,0.039899999999999936,1,0,0,,,,,,,,,
images/internal/hoi-an/hoi-an_03.jpg,internal,hoi-an,Hội An,travel_landscape,hoi-an,Hội An,0.8399,0.8345,0.8543,0.023399999999999976,1,0,0,,,,,,,,,
images/internal/hoi-an/hoi-an_04.jpg,internal,hoi-an,Hội An,travel_landscape,hoi-an,Hội An,0.8181,0.8116,0.8036,0.038799999999999946,1,0,0,,,,,,,,,
images/internal/hoi-an/hoi-an_05.jpg,internal,hoi-an,Hội An,travel_landscape,hoi-an,Hội An,0.7554,0.7439,0.6531,0.015199999999999991,1,0,0,,,,,,,,,
images/internal/hoi-an/hoi-an_06.jpg,internal,hoi-an,Hội An,travel_landscape,hoi-an,Hội An,0.8358,0.832,0.8488,0.024799999999999933,1,0,0,,,,,,,,,
images/internal/hoi-an/hoi-an_07.jpg,internal,hoi-an,Hội An,travel_landscape,hoi-an,Hội An,0.8466,0.8166,0.8147,0.048899999999999944,1,0,0,,,,,,,,,
images/internal/hoi-an/hoi-an_08.jpg,internal,hoi-an,Hội An,travel_landscape,hoi-an,Hội An,0.8208,0.8045,0.7877,0.0262,1,0,0,,,,,,,,,
images/internal/hue/hue_01.jpg,internal,hue,Huế,travel_landscape,an-giang,An Giang,0.8318,0.8073,0.794,0.013800000000000034,0,0,0,,,,,,,,,
images/internal/hue/hue_02.jpg,internal,hue,Huế,travel_landscape,nha-trang,Nha Trang,0.769,0.7001,0.5558,0.006599999999999939,0,1,0,,,,,,,,,
images/internal/hue/hue_03.jpg,internal,hue,Huế,travel_landscape,moc-chau,Mộc Châu,0.6629,0.6411,0.4247,0.0026000000000000467,0,1,0,,,,,,,,,
images/internal/hue/hue_04.jpg,internal,hue,Huế,travel_landscape,can-tho,Cần Thơ,0.8182,0.7895,0.7544,0.0040000000000000036,0,1,0,,,,,,,,,
images/internal/hue/hue_05.jpg,internal,hue,Huế,travel_landscape,hue,Huế,0.7301,0.7082,0.5737,0.0010000000000000009,1,1,0,,,,,,,,,
images/internal/hue/hue_06.jpg,internal,hue,Huế,travel_landscape,hue,Huế,0.7998,0.7965,0.77,0.012299999999999978,1,0,0,,,,,,,,,
images/internal/hue/hue_07.jpg,internal,hue,Huế,travel_landscape,can-tho,Cần Thơ,0.804,0.782,0.7378,0.010400000000000076,0,1,0,,,,,,,,,
images/internal/hue/hue_08.jpg,internal,hue,Huế,travel_landscape,can-tho,Cần Thơ,0.7462,0.7242,0.6093,0.016199999999999992,0,0,0,,,,,,,,,
images/internal/da-nang/da-nang_02.jpg,internal,da-nang,Đà Nẵng,travel_landscape,da-nang,Đà Nẵng,0.8424,0.8105,0.8011,0.013299999999999979,1,0,0,,,,,,,,,
images/internal/da-nang/da-nang_03.jpg,internal,da-nang,Đà Nẵng,travel_landscape,can-tho,Cần Thơ,0.7714,0.736,0.6355,0.011399999999999966,0,1,0,,,,,,,,,
images/internal/da-nang/da-nang_04.jpg,internal,da-nang,Đà Nẵng,travel_landscape,da-nang,Đà Nẵng,0.796,0.7744,0.721,0.08829999999999993,1,0,0,,,,,,,,,
images/internal/da-nang/da-nang_05.jpg,internal,da-nang,Đà Nẵng,travel_landscape,da-nang,Đà Nẵng,0.7531,0.7442,0.6537,0.044399999999999995,1,0,0,,,,,,,,,
images/internal/da-nang/da-nang_06.jpg,internal,da-nang,Đà Nẵng,travel_landscape,da-nang,Đà Nẵng,0.6943,0.6961,0.5469,0.0039000000000000146,1,1,0,,,,,,,,,
images/internal/da-nang/da-nang_07.jpg,internal,da-nang,Đà Nẵng,travel_landscape,da-nang,Đà Nẵng,0.7188,0.7017,0.5593,0.025499999999999967,1,0,0,,,,,,,,,
images/internal/da-nang/da-nang_08.jpg,internal,da-nang,Đà Nẵng,travel_landscape,hue,Huế,0.7514,0.7566,0.6812,0.0016000000000000458,0,1,0,,,,,,,,,
images/internal/can-tho/can-tho_01.jpg,internal,can-tho,Cần Thơ,travel_landscape,ca-mau,Cà Mau,0.9069,0.8871,0.9713,0.041000000000000036,0,0,0,,,,,,,,,
images/internal/can-tho/can-tho_02.jpg,internal,can-tho,Cần Thơ,travel_landscape,ca-mau,Cà Mau,0.7068,0.7128,0.5841,0.0021999999999999797,0,1,0,,,,,,,,,
images/internal/can-tho/can-tho_03.jpg,internal,can-tho,Cần Thơ,travel_landscape,ca-mau,Cà Mau,0.839,0.8321,0.8491,0.009499999999999953,0,1,0,,,,,,,,,
images/internal/can-tho/can-tho_04.jpg,internal,can-tho,Cần Thơ,travel_landscape,can-tho,Cần Thơ,0.8853,0.8499,0.8887,0.005299999999999971,1,1,0,,,,,,,,,
images/internal/can-tho/can-tho_05.jpg,internal,can-tho,Cần Thơ,travel_landscape,ca-mau,Cà Mau,0.8724,0.8599,0.9108,0.006099999999999994,0,1,0,,,,,,,,,
images/internal/can-tho/can-tho_06.jpg,internal,can-tho,Cần Thơ,travel_landscape,ca-mau,Cà Mau,0.83,0.8195,0.821,0.009299999999999975,0,1,0,,,,,,,,,
images/internal/can-tho/can-tho_07.jpg,internal,can-tho,Cần Thơ,travel_landscape,ca-mau,Cà Mau,0.8652,0.8481,0.8846,0.011099999999999999,0,1,0,,,,,,,,,
images/internal/can-tho/can-tho_08.jpg,internal,can-tho,Cần Thơ,travel_landscape,ca-mau,Cà Mau,0.8171,0.8157,0.8128,0.0041999999999999815,0,1,0,,,,,,,,,
images/internal/ca-mau/ca-mau_01.jpg,internal,ca-mau,Cà Mau,travel_landscape,ca-mau,Cà Mau,0.7952,0.7689,0.7087,0.044499999999999984,1,0,0,,,,,,,,,
images/internal/ca-mau/ca-mau_02.jpg,internal,ca-mau,Cà Mau,travel_landscape,ca-mau,Cà Mau,0.8013,0.7629,0.6952,0.02639999999999998,1,0,0,,,,,,,,,
images/internal/ca-mau/ca-mau_03.jpg,internal,ca-mau,Cà Mau,travel_landscape,ca-mau,Cà Mau,0.8363,0.7986,0.7746,0.07050000000000001,1,0,0,,,,,,,,,
images/internal/ca-mau/ca-mau_04.jpg,internal,ca-mau,Cà Mau,travel_landscape,ca-mau,Cà Mau,0.7758,0.754,0.6755,0.023499999999999965,1,0,0,,,,,,,,,
images/internal/ca-mau/ca-mau_05.jpg,internal,ca-mau,Cà Mau,travel_landscape,ca-mau,Cà Mau,0.7917,0.7644,0.6986,0.007699999999999929,1,1,0,,,,,,,,,
images/internal/an-giang/an-giang_01.jpg,internal,an-giang,An Giang,travel_landscape,ca-mau,Cà Mau,0.8412,0.8185,0.8189,0.017199999999999993,0,0,0,,,,,,,,,
images/internal/an-giang/an-giang_02.jpg,internal,an-giang,An Giang,travel_landscape,ca-mau,Cà Mau,0.7527,0.7368,0.6373,0.02300000000000002,0,0,0,,,,,,,,,
images/internal/an-giang/an-giang_03.jpg,internal,an-giang,An Giang,travel_landscape,buon-ma-thuot,Buôn Ma Thuột,0.7813,0.7759,0.7243,0.0006000000000000449,0,1,0,,,,,,,,,
images/internal/an-giang/an-giang_04.jpg,internal,an-giang,An Giang,travel_landscape,ca-mau,Cà Mau,0.8598,0.8345,0.8544,0.020100000000000007,0,0,0,,,,,,,,,
images/internal/an-giang/an-giang_05.jpg,internal,an-giang,An Giang,travel_landscape,buon-ma-thuot,Buôn Ma Thuột,0.845,0.8168,0.8151,0.0035999999999999366,0,1,0,,,,,,,,,
images/internal/an-giang/an-giang_06.jpg,internal,an-giang,An Giang,travel_landscape,ca-mau,Cà Mau,0.8564,0.8356,0.857,0.0474,0,0,0,,,,,,,,,
images/internal/an-giang/an-giang_07.jpg,internal,an-giang,An Giang,travel_landscape,an-giang,An Giang,0.8232,0.7847,0.7439,0.020100000000000007,1,0,0,,,,,,,,,
images/internal/an-giang/an-giang_08.jpg,internal,an-giang,An Giang,travel_landscape,buon-ma-thuot,Buôn Ma Thuột,0.8223,0.797,0.7712,0.04270000000000007,0,0,0,,,,,,,,,
images/internal/tay-ninh/tay-ninh_01.jpg,internal,tay-ninh,Tây Ninh,travel_landscape,tay-ninh,Tây Ninh,0.8588,0.7828,0.7396,0.02740000000000009,1,0,0,,,,,,,,,
images/internal/tay-ninh/tay-ninh_02.jpg,internal,tay-ninh,Tây Ninh,travel_landscape,an-giang,An Giang,0.8383,0.827,0.8378,0.0010000000000000009,0,1,0,,,,,,,,,
images/internal/tay-ninh/tay-ninh_03.jpg,internal,tay-ninh,Tây Ninh,travel_landscape,an-giang,An Giang,0.8249,0.7817,0.7372,0.0262,0,0,0,,,,,,,,,
images/internal/tay-ninh/tay-ninh_04.jpg,internal,tay-ninh,Tây Ninh,travel_landscape,an-giang,An Giang,0.7972,0.787,0.7489,0.009000000000000008,0,1,0,,,,,,,,,
images/internal/tay-ninh/tay-ninh_05.jpg,internal,tay-ninh,Tây Ninh,travel_landscape,hue,Huế,0.7689,0.774,0.7199,0.009400000000000075,0,1,0,,,,,,,,,
images/internal/tay-ninh/tay-ninh_06.jpg,internal,tay-ninh,Tây Ninh,travel_landscape,buon-ma-thuot,Buôn Ma Thuột,0.7916,0.7719,0.7153,0.03720000000000001,0,0,0,,,,,,,,,
images/internal/tay-ninh/tay-ninh_07.jpg,internal,tay-ninh,Tây Ninh,travel_landscape,hue,Huế,0.8234,0.8242,0.8315,0.008500000000000063,0,1,0,,,,,,,,,
images/external/mount-fuji/mount-fuji_01.jpg,external,,Núi Phú Sĩ,travel_landscape,sa-pa,Sa Pa,0.692,0.6828,0.5173,9.999999999998899e-05,0,1,0,,,,,,,,,
images/external/mount-fuji/mount-fuji_02.jpg,external,,Núi Phú Sĩ,travel_landscape,sa-pa,Sa Pa,0.7295,0.7212,0.6026,0.0025999999999999357,0,1,0,,,,,,,,,
images/external/mount-fuji/mount-fuji_03.jpg,external,,Núi Phú Sĩ,travel_landscape,ninh-binh,Ninh Bình,0.6765,0.6779,0.5064,0.010099999999999998,0,1,0,,,,,,,,,
images/external/mount-fuji/mount-fuji_04.jpg,external,,Núi Phú Sĩ,travel_landscape,ninh-binh,Ninh Bình,0.5791,0.5659,0.2575,9.999999999998899e-05,0,1,0,,,,,,,,,
images/external/mount-fuji/mount-fuji_05.jpg,external,,Núi Phú Sĩ,travel_landscape,buon-ma-thuot,Buôn Ma Thuột,0.6408,0.6158,0.3685,0.005199999999999982,0,1,0,,,,,,,,,
images/external/mount-fuji/mount-fuji_06.jpg,external,,Núi Phú Sĩ,travel_landscape,moc-chau,Mộc Châu,0.6308,0.6264,0.3919,0.023699999999999943,0,0,0,,,,,,,,,
images/external/mount-fuji/mount-fuji_07.jpg,external,,Núi Phú Sĩ,travel_landscape,buon-ma-thuot,Buôn Ma Thuột,0.6343,0.6028,0.3396,0.0023999999999999577,0,1,0,,,,,,,,,
images/external/mount-fuji/mount-fuji_08.jpg,external,,Núi Phú Sĩ,travel_landscape,buon-ma-thuot,Buôn Ma Thuột,0.6598,0.6283,0.3963,0.009399999999999964,0,1,0,,,,,,,,,
images/external/big-ben/big-ben_02.jpg,external,,Big Ben,travel_landscape,da-nang,Đà Nẵng,0.7198,0.6747,0.4993,0.04820000000000002,0,0,0,,,,,,,,,
images/external/big-ben/big-ben_03.jpg,external,,Big Ben,travel_landscape,da-nang,Đà Nẵng,0.6043,0.5715,0.2701,0.012600000000000056,0,1,0,,,,,,,,,
images/external/big-ben/big-ben_04.jpg,external,,Big Ben,travel_landscape,vung-tau,Vũng Tàu,0.6141,0.5786,0.2858,0.0031999999999999806,0,1,0,,,,,,,,,
images/external/big-ben/big-ben_05.jpg,external,,Big Ben,travel_landscape,da-nang,Đà Nẵng,0.6144,0.5814,0.2919,0.008000000000000007,0,1,0,,,,,,,,,
images/external/big-ben/big-ben_06.jpg,external,,Big Ben,travel_landscape,da-nang,Đà Nẵng,0.6721,0.6291,0.398,0.0252,0,0,0,,,,,,,,,
images/external/big-ben/big-ben_07.jpg,external,,Big Ben,travel_landscape,da-nang,Đà Nẵng,0.6545,0.612,0.36,0.03390000000000004,0,0,0,,,,,,,,,
images/external/big-ben/big-ben_08.jpg,external,,Big Ben,travel_landscape,da-nang,Đà Nẵng,0.6647,0.6504,0.4452,0.0005999999999999339,0,1,0,,,,,,,,,
images/external/eiffel-tower/eiffel-tower_01.jpg,external,,Tháp Eiffel,travel_landscape,da-nang,Đà Nẵng,0.6967,0.6602,0.467,0.0027000000000000357,0,1,0,,,,,,,,,
images/external/eiffel-tower/eiffel-tower_02.jpg,external,,Tháp Eiffel,travel_landscape,vung-tau,Vũng Tàu,0.6004,0.5657,0.2572,0.01429999999999998,0,1,0,,,,,,,,,
images/external/eiffel-tower/eiffel-tower_03.jpg,external,,Tháp Eiffel,travel_landscape,can-tho,Cần Thơ,0.8309,0.7361,0.6359,0.027200000000000002,0,0,0,,,,,,,,,
images/external/eiffel-tower/eiffel-tower_04.jpg,external,,Tháp Eiffel,travel_landscape,vung-tau,Vũng Tàu,0.7307,0.6888,0.5307,0.021599999999999953,0,0,0,,,,,,,,,
images/external/eiffel-tower/eiffel-tower_05.jpg,external,,Tháp Eiffel,travel_landscape,vung-tau,Vũng Tàu,0.7349,0.6952,0.5448,0.013800000000000034,0,0,0,,,,,,,,,
images/external/eiffel-tower/eiffel-tower_06.jpg,external,,Tháp Eiffel,travel_landscape,mui-ne,Mũi Né,0.7639,0.6936,0.5414,0.009299999999999975,0,1,0,,,,,,,,,
images/external/eiffel-tower/eiffel-tower_07.jpg,external,,Tháp Eiffel,travel_landscape,da-nang,Đà Nẵng,0.7759,0.755,0.6778,0.032200000000000006,0,0,0,,,,,,,,,
images/external/eiffel-tower/eiffel-tower_08.jpg,external,,Tháp Eiffel,travel_landscape,phu-quoc,Phú Quốc,0.7222,0.697,0.5489,0.007899999999999907,0,1,0,,,,,,,,,
images/external/sydney-opera-house/sydney-opera-house_01.jpg,external,,Nhà hát Opera Sydney,travel_landscape,phu-quoc,Phú Quốc,0.6368,0.6154,0.3675,0.005199999999999982,0,1,0,,,,,,,,,
images/external/sydney-opera-house/sydney-opera-house_02.jpg,external,,Nhà hát Opera Sydney,travel_landscape,da-nang,Đà Nẵng,0.7201,0.6787,0.5081,0.0045999999999999375,0,1,0,,,,,,,,,
images/external/sydney-opera-house/sydney-opera-house_03.jpg,external,,Nhà hát Opera Sydney,travel_landscape,da-nang,Đà Nẵng,0.7532,0.7322,0.6271,0.015799999999999925,0,0,0,,,,,,,,,
images/external/sydney-opera-house/sydney-opera-house_04.jpg,external,,Nhà hát Opera Sydney,travel_landscape,da-nang,Đà Nẵng,0.7349,0.6939,0.5421,0.025599999999999956,0,0,0,,,,,,,,,
images/external/sydney-opera-house/sydney-opera-house_05.jpg,external,,Nhà hát Opera Sydney,travel_landscape,da-nang,Đà Nẵng,0.6857,0.6674,0.4832,0.0252,0,0,0,,,,,,,,,
images/external/sydney-opera-house/sydney-opera-house_06.jpg,external,,Nhà hát Opera Sydney,travel_landscape,da-nang,Đà Nẵng,0.7312,0.7135,0.5854,0.038000000000000034,0,0,0,,,,,,,,,
images/external/sydney-opera-house/sydney-opera-house_07.jpg,external,,Nhà hát Opera Sydney,travel_landscape,da-nang,Đà Nẵng,0.7537,0.7361,0.6359,0.049899999999999944,0,0,0,,,,,,,,,
images/external/sydney-opera-house/sydney-opera-house_08.jpg,external,,Nhà hát Opera Sydney,travel_landscape,ha-long,Hạ Long,0.717,0.7088,0.575,0.02090000000000003,0,0,0,,,,,,,,,
images/external/statue-of-liberty/statue-of-liberty_02.jpg,external,,Tượng Nữ thần Tự do,travel_landscape,vung-tau,Vũng Tàu,0.673,0.6465,0.4366,0.04379999999999995,0,0,0,,,,,,,,,
images/external/statue-of-liberty/statue-of-liberty_05.jpg,external,,Tượng Nữ thần Tự do,travel_landscape,vung-tau,Vũng Tàu,0.6908,0.6695,0.4879,0.028699999999999948,0,0,0,,,,,,,,,
images/external/statue-of-liberty/statue-of-liberty_06.jpg,external,,Tượng Nữ thần Tự do,travel_landscape,vung-tau,Vũng Tàu,0.6659,0.6423,0.4273,0.04310000000000003,0,0,0,,,,,,,,,
images/external/statue-of-liberty/statue-of-liberty_07.jpg,external,,Tượng Nữ thần Tự do,travel_landscape,ca-mau,Cà Mau,0.6696,0.6472,0.4382,0.016000000000000014,0,0,0,,,,,,,,,
images/non_travel/document/document_04.jpg,non_travel,,Tài liệu,document,ca-mau,Cà Mau,0.4888,0.4761,0.058,0.0009000000000000119,0,1,0,,,,,,,,,
images/non_travel/document/document_05.jpg,non_travel,,Tài liệu,document,can-tho,Cần Thơ,0.5039,0.4997,0.1104,0.0020000000000000018,0,1,0,,,,,,,,,
images/non_travel/document/document_06.jpg,non_travel,,Tài liệu,document,can-tho,Cần Thơ,0.5059,0.4977,0.1059,0.008099999999999996,0,1,0,,,,,,,,,
images/non_travel/document/document_07.jpg,non_travel,,Tài liệu,document,can-tho,Cần Thơ,0.5128,0.5004,0.112,0.00759999999999994,0,1,0,,,,,,,,,
images/non_travel/screenshot/screenshot_06.jpg,non_travel,,Ảnh chụp màn hình,screenshot,buon-ma-thuot,Buôn Ma Thuột,0.4324,0.4094,0.0,0.011899999999999966,0,1,0,,,,,,,,,
images/non_travel/screenshot/screenshot_07.png,non_travel,,Ảnh chụp màn hình,screenshot,buon-ma-thuot,Buôn Ma Thuột,0.5767,0.5144,0.1431,0.01699999999999996,0,1,0,,,,,,,,,
images/non_travel/screenshot/screenshot_08.jpg,non_travel,,Ảnh chụp màn hình,screenshot,ninh-binh,Ninh Bình,0.5963,0.5374,0.1942,0.008399999999999963,0,1,0,,,,,,,,,
images/non_travel/food/food_03.jpg,non_travel,,Đồ ăn,food,ca-mau,Cà Mau,0.7451,0.703,0.5622,0.09519999999999995,0,0,0,,,,,,,,,
images/non_travel/food/food_04.jpg,non_travel,,Đồ ăn,food,ca-mau,Cà Mau,0.7395,0.6729,0.4954,0.14370000000000005,0,0,0,,,,,,,,,
images/non_travel/food/food_05.jpg,non_travel,,Đồ ăn,food,ca-mau,Cà Mau,0.5694,0.5345,0.1877,0.06649999999999995,0,1,0,,,,,,,,,
images/non_travel/food/food_06.jpg,non_travel,,Đồ ăn,food,ca-mau,Cà Mau,0.6458,0.5987,0.3304,0.10660000000000003,0,0,0,,,,,,,,,
images/non_travel/food/food_07.jpg,non_travel,,Đồ ăn,food,ca-mau,Cà Mau,0.6337,0.6017,0.3372,0.0827,0,0,0,,,,,,,,,
images/non_travel/food/food_08.jpg,non_travel,,Đồ ăn,food,ca-mau,Cà Mau,0.6501,0.6245,0.3878,0.0666000000000001,0,0,0,,,,,,,,,
images/non_travel/animal/animal_02.jpg,non_travel,,Động vật,animal,sa-pa,Sa Pa,0.6735,0.5861,0.3025,0.01759999999999995,0,1,0,,,,,,,,,
images/non_travel/animal/animal_03.jpg,non_travel,,Động vật,animal,con-dao,Côn Đảo,0.7029,0.6474,0.4386,0.07289999999999996,0,0,0,,,,,,,,,
images/non_travel/animal/animal_04.jpg,non_travel,,Động vật,animal,ca-mau,Cà Mau,0.6329,0.6176,0.3725,0.07240000000000002,0,0,0,,,,,,,,,
images/non_travel/animal/animal_05.jpg,non_travel,,Động vật,animal,ca-mau,Cà Mau,0.5892,0.5683,0.263,0.06040000000000001,0,1,0,,,,,,,,,
images/non_travel/animal/animal_06.jpg,non_travel,,Động vật,animal,ca-mau,Cà Mau,0.6097,0.5873,0.305,0.05510000000000004,0,1,0,,,,,,,,,
images/non_travel/object/object_03.jpg,non_travel,,Đồ vật,object,buon-ma-thuot,Buôn Ma Thuột,0.4878,0.4542,0.0094,0.0030000000000000027,0,1,0,,,,,,,,,
images/non_travel/object/object_04.jpg,non_travel,,Đồ vật,object,can-tho,Cần Thơ,0.5015,0.4569,0.0154,0.008599999999999997,0,1,0,,,,,,,,,
images/non_travel/object/object_05.jpg,non_travel,,Đồ vật,object,can-tho,Cần Thơ,0.5593,0.5075,0.1278,0.011599999999999944,0,1,0,,,,,,,,,
images/non_travel/object/object_06.jpg,non_travel,,Đồ vật,object,can-tho,Cần Thơ,0.576,0.5236,0.1635,0.0040000000000000036,0,1,0,,,,,,,,,
images/non_travel/object/object_07.jpg,non_travel,,Đồ vật,object,da-lat,Đà Lạt,0.4619,0.4272,0.0,0.030400000000000038,0,1,0,,,,,,,,,
images/non_travel/object/object_08.jpg,non_travel,,Đồ vật,object,buon-ma-thuot,Buôn Ma Thuột,0.554,0.5029,0.1177,0.0020000000000000018,0,1,0,,,,,,,,,
