relative_path,group,expected_slug,expected_name,expected_image_type,should_clip_accept,source_url,download_url,license,artist,width,height,review_status,review_note
images/internal/phu-quoc/phu-quoc_01.jpg,internal,phu-quoc,Phú Quốc,travel_landscape,1,https://commons.wikimedia.org/wiki/File:Phu_Quoc_Island_in_Vietnam_(7707805156).jpg,https://upload.wikimedia.org/wikipedia/commons/8/8f/Phu_Quoc_Island_in_Vietnam_%287707805156%29.jpg,CC BY-SA 2.0,Jimmy McIntyre - Editor HDR One Magazine,900,538,approved,
images/internal/phu-quoc/phu-quoc_02.jpg,internal,phu-quoc,Phú Quốc,travel_landscape,1,https://commons.wikimedia.org/wiki/File:Cau-hon-lang-man-2.jpg,https://upload.wikimedia.org/wikipedia/commons/e/ee/Cau-hon-lang-man-2.jpg,CC BY-SA 4.0,Vivu Vietnam,1600,922,approved,
images/internal/con-dao/con-dao_01.jpg,internal,con-dao,Côn Đảo,travel_landscape,1,"https://commons.wikimedia.org/wiki/File:Carte_d%27une_partie_de_la_c%C3%B4te_de_Cochinchine._Plan_de_l%27Isle_Condor_-_Apr%C3%A8s_De_Mannevillette,_Le_Floch_de_la_Carri%C3%A8re.jpg",https://upload.wikimedia.org/wikipedia/commons/thumb/3/39/Carte_d%27une_partie_de_la_c%C3%B4te_de_Cochinchine._Plan_de_l%27Isle_Condor_-_Apr%C3%A8s_De_Mannevillette%2C_Le_Floch_de_la_Carri%C3%A8re.jpg/1920px-Carte_d%27une_partie_de_la_c%C3%B4te_de_Cochinchine._Plan_de_l%27Isle_Condor_-_Apr%C3%A8s_De_Mannevillette%2C_Le_Floch_de_la_Carri%C3%A8re.jpg,Public domain,"Jean-Baptiste-Nicolas-Denis d'Après de Mannevillette (1707-1780),    René-Julien Le Floch de la Carrière (1730-1792)",4283,6073,rejected,
images/internal/con-dao/con-dao_02.jpg,internal,con-dao,Côn Đảo,travel_landscape,1,https://commons.wikimedia.org/wiki/File:Pulo_Condore_island_beach.jpg,https://upload.wikimedia.org/wikipedia/commons/thumb/4/4f/Pulo_Condore_island_beach.jpg/1920px-Pulo_Condore_island_beach.jpg,CC BY-SA 3.0,"[Tycho]      talk   ,  http://shansov.net",2592,1458,approved,
images/internal/vung-tau/vung-tau_01.jpg,internal,vung-tau,Vũng Tàu,travel_landscape,1,"https://commons.wikimedia.org/wiki/File:2nd_Battalion,_16th_Infantry_troops_arrive_on_an_LCU_at_Vung_Tau.jpg",https://upload.wikimedia.org/wikipedia/commons/f/fe/2nd_Battalion%2C_16th_Infantry_troops_arrive_on_an_LCU_at_Vung_Tau.jpg,Public domain,SFC James K. F. Dung,1359,1089,rejected,
images/internal/quy-nhon/quy-nhon_01.jpg,internal,quy-nhon,Quy Nhơn,travel_landscape,1,https://commons.wikimedia.org/wiki/File:QuyNhonBeach1.jpg,https://upload.wikimedia.org/wikipedia/commons/thumb/f/fe/QuyNhonBeach1.jpg/1920px-QuyNhonBeach1.jpg,CC BY-SA 3.0,Kelisi,2048,1536,approved,
images/internal/da-nang/da-nang_01.jpg,internal,da-nang,Đà Nẵng,travel_landscape,1,"https://commons.wikimedia.org/wiki/File:Da_Nang,_Vietnam.jpg",https://upload.wikimedia.org/wikipedia/commons/thumb/3/3e/Da_Nang%2C_Vietnam.jpg/1920px-Da_Nang%2C_Vietnam.jpg,CC0,Quangpraha,7552,5037,approved,
images/external/big-ben/big-ben_01.jpg,external,,Big Ben,travel_landscape,0,"https://commons.wikimedia.org/wiki/File:Cape_Town_(ZA),_Waterfront,_Clock_Tower,_Detail_--_2024_--_2911.jpg",https://upload.wikimedia.org/wikipedia/commons/thumb/0/0a/Cape_Town_%28ZA%29%2C_Waterfront%2C_Clock_Tower%2C_Detail_--_2024_--_2911.jpg/1920px-Cape_Town_%28ZA%29%2C_Waterfront%2C_Clock_Tower%2C_Detail_--_2024_--_2911.jpg,CC BY-SA 4.0,Dietmar Rabich,6459,4306,rejected,
images/external/statue-of-liberty/statue-of-liberty_01.jpg,external,,Tượng Nữ thần Tự do,travel_landscape,0,"https://commons.wikimedia.org/wiki/File:Statue_of_Liberty,_NY.jpg",https://upload.wikimedia.org/wikipedia/commons/thumb/d/d3/Statue_of_Liberty%2C_NY.jpg/1920px-Statue_of_Liberty%2C_NY.jpg,CC BY 2.0,William Warby,3558,2668,approved,
images/non_travel/screenshot/screenshot_01.jpg,non_travel,,Ảnh chụp màn hình,screenshot,0,https://commons.wikimedia.org/wiki/File:IBM_Thinkpad_R51.jpg,https://upload.wikimedia.org/wikipedia/commons/0/0e/IBM_Thinkpad_R51.jpg,CC BY-SA 4.0,André Karwath aka  Aka,1291,1200,rejected,
images/non_travel/screenshot/screenshot_02.jpg,non_travel,,Ảnh chụp màn hình,screenshot,0,https://commons.wikimedia.org/wiki/File:MSI_laptop_with_English_Wikipedia_screenshot_20100614.jpg,https://upload.wikimedia.org/wikipedia/commons/thumb/b/ba/MSI_laptop_with_English_Wikipedia_screenshot_20100614.jpg/1920px-MSI_laptop_with_English_Wikipedia_screenshot_20100614.jpg,CC BY-SA 4.0,Kristoferb  at  English Wikipedia,3282,2432,rejected,
images/non_travel/screenshot/screenshot_03.jpg,non_travel,,Ảnh chụp màn hình,screenshot,0,https://commons.wikimedia.org/wiki/File:MSI_laptop_with_English_Wikipedia_screenshot_20100614_(2).jpg,https://upload.wikimedia.org/wikipedia/commons/thumb/d/da/MSI_laptop_with_English_Wikipedia_screenshot_20100614_%282%29.jpg/1920px-MSI_laptop_with_English_Wikipedia_screenshot_20100614_%282%29.jpg,CC BY-SA 4.0,Kristoferb  at  English Wikipedia,2387,1935,rejected,
images/non_travel/screenshot/screenshot_04.png,non_travel,,Ảnh chụp màn hình,screenshot,0,https://commons.wikimedia.org/wiki/File:F.lux_on_computer_screen_stitched.png,https://upload.wikimedia.org/wikipedia/commons/thumb/1/1b/F.lux_on_computer_screen_stitched.png/1920px-F.lux_on_computer_screen_stitched.png,CC BY-SA 4.0,Paowee,5252,3240,approved,
images/non_travel/food/food_01.jpg,non_travel,,Đồ ăn,food,0,https://commons.wikimedia.org/wiki/File:Tellinas_(Close-Up).jpg,https://upload.wikimedia.org/wikipedia/commons/thumb/1/1e/Tellinas_%28Close-Up%29.jpg/1920px-Tellinas_%28Close-Up%29.jpg,CC BY 3.0,Tamorlan,3888,2592,approved,
images/non_travel/food/food_02.jpg,non_travel,,Đồ ăn,food,0,https://commons.wikimedia.org/wiki/File:Lasagne_-_stonesoup.jpg,https://upload.wikimedia.org/wikipedia/commons/thumb/b/ba/Lasagne_-_stonesoup.jpg/1920px-Lasagne_-_stonesoup.jpg,CC BY 2.0,jules / stonesoup,2000,2050,approved,
images/non_travel/animal/animal_01.jpg,non_travel,,Động vật,animal,0,https://commons.wikimedia.org/wiki/File:Macaca_nigra_self-portrait_large.jpg,https://upload.wikimedia.org/wikipedia/commons/thumb/4/4e/Macaca_nigra_self-portrait_large.jpg/1920px-Macaca_nigra_self-portrait_large.jpg,Public domain,Self-portrait by the depicted  Macaca nigra  female.  See  article .,2912,4030,approved,
images/non_travel/object/object_01.jpg,non_travel,,Đồ vật,object,0,https://commons.wikimedia.org/wiki/File:NED_Synclavier_PSMT_product_label.jpg,https://upload.wikimedia.org/wikipedia/commons/thumb/8/88/NED_Synclavier_PSMT_product_label.jpg/1920px-NED_Synclavier_PSMT_product_label.jpg,CC BY-SA 2.0,John R. Southern,2816,2112,rejected,
images/internal/phu-quoc/phu-quoc_03.jpg,internal,phu-quoc,Phú Quốc,travel_landscape,1,https://commons.wikimedia.org/wiki/File:Phu_Quoc_Island_in_Vietnam_(7707805156).jpg,https://upload.wikimedia.org/wikipedia/commons/thumb/8/8f/Phu_Quoc_Island_in_Vietnam_%287707805156%29.jpg/500px-Phu_Quoc_Island_in_Vietnam_%287707805156%29.jpg,CC BY-SA 2.0,Jimmy McIntyre - Editor HDR One Magazine,900,538,approved,
images/internal/phu-quoc/phu-quoc_04.jpg,internal,phu-quoc,Phú Quốc,travel_landscape,1,https://commons.wikimedia.org/wiki/File:Cau-hon-lang-man-2.jpg,https://upload.wikimedia.org/wikipedia/commons/thumb/e/ee/Cau-hon-lang-man-2.jpg/500px-Cau-hon-lang-man-2.jpg,CC BY-SA 4.0,Vivu Vietnam,1600,922,approved,
images/internal/phu-quoc/phu-quoc_05.jpg,internal,phu-quoc,Phú Quốc,travel_landscape,1,https://commons.wikimedia.org/wiki/File:Kiss_of_the_Sea_fireworks_show_Sunset_Town_Sun_World_Phu_Quoc_night_Vietnam.jpg,https://upload.wikimedia.org/wikipedia/commons/thumb/b/b4/Kiss_of_the_Sea_fireworks_show_Sunset_Town_Sun_World_Phu_Quoc_night_Vietnam.jpg/500px-Kiss_of_the_Sea_fireworks_show_Sunset_Town_Sun_World_Phu_Quoc_night_Vietnam.jpg,CC BY-SA 4.0,Vivu Vietnam,5272,2962,rejected,
images/internal/con-dao/con-dao_03.jpg,internal,con-dao,Côn Đảo,travel_landscape,1,"https://commons.wikimedia.org/wiki/File:Carte_d%27une_partie_de_la_c%C3%B4te_de_Cochinchine._Plan_de_l%27Isle_Condor_-_Apr%C3%A8s_De_Mannevillette,_Le_Floch_de_la_Carri%C3%A8re.jpg",https://upload.wikimedia.org/wikipedia/commons/thumb/3/39/Carte_d%27une_partie_de_la_c%C3%B4te_de_Cochinchine._Plan_de_l%27Isle_Condor_-_Apr%C3%A8s_De_Mannevillette%2C_Le_Floch_de_la_Carri%C3%A8re.jpg/500px-Carte_d%27une_partie_de_la_c%C3%B4te_de_Cochinchine._Plan_de_l%27Isle_Condor_-_Apr%C3%A8s_De_Mannevillette%2C_Le_Floch_de_la_Carri%C3%A8re.jpg,Public domain,"Jean-Baptiste-Nicolas-Denis d'Après de Mannevillette (1707-1780),    René-Julien Le Floch de la Carrière (1730-1792)",4283,6073,rejected,"Bản đồ/tranh tư liệu, không phải ảnh phong cảnh thực tế."
images/internal/con-dao/con-dao_04.jpg,internal,con-dao,Côn Đảo,travel_landscape,1,https://commons.wikimedia.org/wiki/File:Pulo_Condore_island_beach.jpg,https://upload.wikimedia.org/wikipedia/commons/thumb/4/4f/Pulo_Condore_island_beach.jpg/500px-Pulo_Condore_island_beach.jpg,CC BY-SA 3.0,"[Tycho]      talk   ,  http://shansov.net",2592,1458,approved,
images/internal/con-dao/con-dao_05.jpg,internal,con-dao,Côn Đảo,travel_landscape,1,https://commons.wikimedia.org/wiki/File:C%C3%B4n_%C4%90%E1%BA%A3o_National_Park.jpg,https://upload.wikimedia.org/wikipedia/commons/thumb/3/3d/C%C3%B4n_%C4%90%E1%BA%A3o_National_Park.jpg/500px-C%C3%B4n_%C4%90%E1%BA%A3o_National_Park.jpg,CC BY-SA 3.0,"[Tycho]      talk   ,  http://shansov.net",2592,1728,approved,
images/internal/con-dao/con-dao_06.jpg,internal,con-dao,Côn Đảo,travel_landscape,1,https://commons.wikimedia.org/wiki/File:B%C3%A3i_t%E1%BA%AFm_Th%E1%BB%A7y_tri%E1%BB%81u_-_C%E1%BB%93n_N%E1%BB%95i_1.jpg,https://upload.wikimedia.org/wikipedia/commons/thumb/d/d1/B%C3%A3i_t%E1%BA%AFm_Th%E1%BB%A7y_tri%E1%BB%81u_-_C%E1%BB%93n_N%E1%BB%95i_1.jpg/500px-B%C3%A3i_t%E1%BA%AFm_Th%E1%BB%A7y_tri%E1%BB%81u_-_C%E1%BB%93n_N%E1%BB%95i_1.jpg,Public domain,Kien1980v  at  Vietnamese Wikipedia,3264,1840,approved,
images/internal/con-dao/con-dao_07.jpg,internal,con-dao,Côn Đảo,travel_landscape,1,https://commons.wikimedia.org/wiki/File:B%C3%A3i_t%E1%BA%AFm_Th%E1%BB%A7y_tri%E1%BB%81u_-_C%E1%BB%93n_N%E1%BB%95i_2.jpg,https://upload.wikimedia.org/wikipedia/commons/thumb/4/42/B%C3%A3i_t%E1%BA%AFm_Th%E1%BB%A7y_tri%E1%BB%81u_-_C%E1%BB%93n_N%E1%BB%95i_2.jpg/500px-B%C3%A3i_t%E1%BA%AFm_Th%E1%BB%A7y_tri%E1%BB%81u_-_C%E1%BB%93n_N%E1%BB%95i_2.jpg,Public domain,Kien1980v  at  Vietnamese Wikipedia,3264,1840,approved,
images/internal/con-dao/con-dao_08.jpg,internal,con-dao,Côn Đảo,travel_landscape,1,https://commons.wikimedia.org/wiki/File:B%C3%A3i_t%E1%BA%AFm_Th%E1%BB%A7y_tri%E1%BB%81u_-_C%E1%BB%93n_N%E1%BB%95i_3.jpg,https://upload.wikimedia.org/wikipedia/commons/thumb/5/56/B%C3%A3i_t%E1%BA%AFm_Th%E1%BB%A7y_tri%E1%BB%81u_-_C%E1%BB%93n_N%E1%BB%95i_3.jpg/500px-B%C3%A3i_t%E1%BA%AFm_Th%E1%BB%A7y_tri%E1%BB%81u_-_C%E1%BB%93n_N%E1%BB%95i_3.jpg,Public domain,Kien1980v  at  Vietnamese Wikipedia,3264,1840,approved,
images/internal/vung-tau/vung-tau_02.jpg,internal,vung-tau,Vũng Tàu,travel_landscape,1,https://commons.wikimedia.org/wiki/File:Couples_in_Vung_Tau_Beach_(Vietnam).jpg,https://upload.wikimedia.org/wikipedia/commons/thumb/c/c4/Couples_in_Vung_Tau_Beach_%28Vietnam%29.jpg/500px-Couples_in_Vung_Tau_Beach_%28Vietnam%29.jpg,CC BY 2.0,ZAC,3888,2592,approved,
images/internal/vung-tau/vung-tau_03.jpg,internal,vung-tau,Vũng Tàu,travel_landscape,1,https://commons.wikimedia.org/wiki/File:Vung_Tau_Beach_(Vietnam).jpg,https://upload.wikimedia.org/wikipedia/commons/thumb/3/35/Vung_Tau_Beach_%28Vietnam%29.jpg/500px-Vung_Tau_Beach_%28Vietnam%29.jpg,CC BY 2.0,ZAC,2592,3888,approved,
images/internal/vung-tau/vung-tau_04.jpg,internal,vung-tau,Vũng Tàu,travel_landscape,1,https://commons.wikimedia.org/wiki/File:Vung_Tau_Beach_On_Holiday.jpg,https://upload.wikimedia.org/wikipedia/commons/thumb/8/80/Vung_Tau_Beach_On_Holiday.jpg/500px-Vung_Tau_Beach_On_Holiday.jpg,CC BY-SA 4.0,Nh.Nguyen,3168,4752,approved,
images/internal/vung-tau/vung-tau_05.jpg,internal,vung-tau,Vũng Tàu,travel_landscape,1,https://commons.wikimedia.org/wiki/File:Vung_tau_bai_sau_-_viet_nam_-_panoramio.jpg,https://upload.wikimedia.org/wikipedia/commons/thumb/f/fc/Vung_tau_bai_sau_-_viet_nam_-_panoramio.jpg/500px-Vung_tau_bai_sau_-_viet_nam_-_panoramio.jpg,CC BY 3.0,trungydang,2592,1936,approved,
images/internal/vung-tau/vung-tau_06.jpg,internal,vung-tau,Vũng Tàu,travel_landscape,1,"https://commons.wikimedia.org/wiki/File:Vung_tau_hoang_hon_,_bai_truoc_-_panoramio.jpg",https://upload.wikimedia.org/wikipedia/commons/thumb/e/e9/Vung_tau_hoang_hon_%2C_bai_truoc_-_panoramio.jpg/500px-Vung_tau_hoang_hon_%2C_bai_truoc_-_panoramio.jpg,CC BY 3.0,trungydang,2136,3216,approved,
images/internal/vung-tau/vung-tau_07.jpg,internal,vung-tau,Vũng Tàu,travel_landscape,1,https://commons.wikimedia.org/wiki/File:Vung_tau_bai_truoc_2011.Dyt_-_panoramio.jpg,https://upload.wikimedia.org/wikipedia/commons/thumb/2/2e/Vung_tau_bai_truoc_2011.Dyt_-_panoramio.jpg/500px-Vung_tau_bai_truoc_2011.Dyt_-_panoramio.jpg,CC BY 3.0,trungydang,2312,1536,approved,
images/internal/vung-tau/vung-tau_08.jpg,internal,vung-tau,Vũng Tàu,travel_landscape,1,https://commons.wikimedia.org/wiki/File:Vung_tau_bai_truoc_-_panoramio.jpg,https://upload.wikimedia.org/wikipedia/commons/thumb/d/d1/Vung_tau_bai_truoc_-_panoramio.jpg/500px-Vung_tau_bai_truoc_-_panoramio.jpg,CC BY 3.0,trungydang,2304,1294,approved,
images/internal/mui-ne/mui-ne_01.jpg,internal,mui-ne,Mũi Né,travel_landscape,1,https://commons.wikimedia.org/wiki/File:M%C5%A9i_N%C3%A9_Dune.jpg,https://upload.wikimedia.org/wikipedia/commons/thumb/8/86/M%C5%A9i_N%C3%A9_Dune.jpg/500px-M%C5%A9i_N%C3%A9_Dune.jpg,CC BY-SA 2.5,Étienne André,1280,960,approved,
images/internal/mui-ne/mui-ne_02.jpg,internal,mui-ne,Mũi Né,travel_landscape,1,https://commons.wikimedia.org/wiki/File:%C4%90%E1%BB%93i_c%C3%A1t_M%C5%A9i_N%C3%A9.jpg,https://upload.wikimedia.org/wikipedia/commons/thumb/f/f9/%C4%90%E1%BB%93i_c%C3%A1t_M%C5%A9i_N%C3%A9.jpg/500px-%C4%90%E1%BB%93i_c%C3%A1t_M%C5%A9i_N%C3%A9.jpg,CC BY-SA 2.0,Martin Fisch,1600,1200,approved,
images/internal/mui-ne/mui-ne_03.jpg,internal,mui-ne,Mũi Né,travel_landscape,1,https://commons.wikimedia.org/wiki/File:%C4%90%E1%BB%93i_c%C3%A1t_M%C5%A9i_N%C3%A9_-_1.jpg,https://upload.wikimedia.org/wikipedia/commons/thumb/5/5f/%C4%90%E1%BB%93i_c%C3%A1t_M%C5%A9i_N%C3%A9_-_1.jpg/500px-%C4%90%E1%BB%93i_c%C3%A1t_M%C5%A9i_N%C3%A9_-_1.jpg,CC BY-SA 3.0,Prenn,3072,2304,approved,
images/internal/mui-ne/mui-ne_04.jpg,internal,mui-ne,Mũi Né,travel_landscape,1,https://commons.wikimedia.org/wiki/File:%C4%90%E1%BB%93i_c%C3%A1t_M%C5%A9i_N%C3%A9_-_2.jpg,https://upload.wikimedia.org/wikipedia/commons/thumb/9/94/%C4%90%E1%BB%93i_c%C3%A1t_M%C5%A9i_N%C3%A9_-_2.jpg/500px-%C4%90%E1%BB%93i_c%C3%A1t_M%C5%A9i_N%C3%A9_-_2.jpg,CC BY-SA 3.0,Prenn,3072,2304,approved,
images/internal/mui-ne/mui-ne_05.jpg,internal,mui-ne,Mũi Né,travel_landscape,1,https://commons.wikimedia.org/wiki/File:White_Dune_-_Mui_Ne.jpg,https://upload.wikimedia.org/wikipedia/commons/thumb/d/d4/White_Dune_-_Mui_Ne.jpg/500px-White_Dune_-_Mui_Ne.jpg,CC BY-SA 3.0,David Dubbert,8569,8646,approved,
images/internal/mui-ne/mui-ne_06.jpg,internal,mui-ne,Mũi Né,travel_landscape,1,https://commons.wikimedia.org/wiki/File:Sand_dune_Mui_N%C3%A9_2003.jpg,https://upload.wikimedia.org/wikipedia/commons/thumb/c/c8/Sand_dune_Mui_N%C3%A9_2003.jpg/500px-Sand_dune_Mui_N%C3%A9_2003.jpg,CC0,Benoît Prieur,3363,2324,approved,
images/internal/mui-ne/mui-ne_07.jpg,internal,mui-ne,Mũi Né,travel_landscape,1,https://commons.wikimedia.org/wiki/File:Mui_Ne_sand_dunes_1.jpg,https://upload.wikimedia.org/wikipedia/commons/thumb/7/74/Mui_Ne_sand_dunes_1.jpg/500px-Mui_Ne_sand_dunes_1.jpg,CC BY 2.0,ruben i,3888,2592,approved,
images/internal/mui-ne/mui-ne_08.jpg,internal,mui-ne,Mũi Né,travel_landscape,1,https://commons.wikimedia.org/wiki/File:Mui_Ne_rough_dunes.JPG,https://upload.wikimedia.org/wikipedia/commons/thumb/5/54/Mui_Ne_rough_dunes.JPG/500px-Mui_Ne_rough_dunes.JPG,CC BY-SA 3.0,Dragfyre,2048,1536,approved,
images/internal/quy-nhon/quy-nhon_02.jpg,internal,quy-nhon,Quy Nhơn,travel_landscape,1,https://commons.wikimedia.org/wiki/File:QuyNhonBeach1.jpg,https://upload.wikimedia.org/wikipedia/commons/thumb/f/fe/QuyNhonBeach1.jpg/500px-QuyNhonBeach1.jpg,CC BY-SA 3.0,Kelisi,2048,1536,rejected,
images/internal/quy-nhon/quy-nhon_03.jpg,internal,quy-nhon,Quy Nhơn,travel_landscape,1,"https://commons.wikimedia.org/wiki/File:Good_morning,_the_sun!.jpg",https://upload.wikimedia.org/wikipedia/commons/thumb/e/e9/Good_morning%2C_the_sun%21.jpg/500px-Good_morning%2C_the_sun%21.jpg,CC BY-SA 2.0,Nguyen Thanh Long,1280,853,approved,
images/internal/quy-nhon/quy-nhon_04.jpg,internal,quy-nhon,Quy Nhơn,travel_landscape,1,https://commons.wikimedia.org/wiki/File:The_Lonelyboat_(I).jpg,https://upload.wikimedia.org/wikipedia/commons/thumb/a/a4/The_Lonelyboat_%28I%29.jpg/500px-The_Lonelyboat_%28I%29.jpg,CC BY-SA 2.0,Nguyen Thanh Long,1280,853,approved,
images/internal/quy-nhon/quy-nhon_05.jpg,internal,quy-nhon,Quy Nhơn,travel_landscape,1,https://commons.wikimedia.org/wiki/File:Orange_Sunset_on_Quy_Nhon_beach.jpg,https://upload.wikimedia.org/wikipedia/commons/thumb/8/8e/Orange_Sunset_on_Quy_Nhon_beach.jpg/500px-Orange_Sunset_on_Quy_Nhon_beach.jpg,CC BY-SA 2.0,Nguyen Thanh Long,1280,853,approved,
images/internal/quy-nhon/quy-nhon_06.jpg,internal,quy-nhon,Quy Nhơn,travel_landscape,1,https://commons.wikimedia.org/wiki/File:B%C3%A3i_%C4%90%C3%A1_Tr%E1%BB%A9ng.jpg,https://upload.wikimedia.org/wikipedia/commons/thumb/d/da/B%C3%A3i_%C4%90%C3%A1_Tr%E1%BB%A9ng.jpg/500px-B%C3%A3i_%C4%90%C3%A1_Tr%E1%BB%A9ng.jpg,CC BY-SA 3.0,Thuydaonguyen,3648,2736,approved,
images/internal/quy-nhon/quy-nhon_07.jpg,internal,quy-nhon,Quy Nhơn,travel_landscape,1,https://commons.wikimedia.org/wiki/File:Bi%E1%BB%83n_Quy_Nh%C6%A1n.jpg,https://upload.wikimedia.org/wikipedia/commons/thumb/3/35/Bi%E1%BB%83n_Quy_Nh%C6%A1n.jpg/500px-Bi%E1%BB%83n_Quy_Nh%C6%A1n.jpg,CC BY-SA 3.0,Bùi Thụy Đào Nguyên,3543,2362,approved,
images/internal/quy-nhon/quy-nhon_08.jpg,internal,quy-nhon,Quy Nhơn,travel_landscape,1,https://commons.wikimedia.org/wiki/File:Desolate_Endless_Pristine_Sand_Quy_Nhon.jpg,https://upload.wikimedia.org/wikipedia/commons/thumb/b/ba/Desolate_Endless_Pristine_Sand_Quy_Nhon.jpg/500px-Desolate_Endless_Pristine_Sand_Quy_Nhon.jpg,CC BY-SA 4.0,VeeWin,1200,662,approved,
images/internal/ha-long/ha-long_01.jpg,internal,ha-long,Hạ Long,travel_landscape,1,"https://commons.wikimedia.org/wiki/File:Ha_Long_Bay,_northern_Vietnam_(32)_(38510250292).jpg",https://upload.wikimedia.org/wikipedia/commons/thumb/4/43/Ha_Long_Bay%2C_northern_Vietnam_%2832%29_%2838510250292%29.jpg/500px-Ha_Long_Bay%2C_northern_Vietnam_%2832%29_%2838510250292%29.jpg,CC BY 2.0,"Richard Mortel  from Riyadh, Saudi Arabia",6000,4000,approved,
images/internal/ha-long/ha-long_02.jpg,internal,ha-long,Hạ Long,travel_landscape,1,"https://commons.wikimedia.org/wiki/File:Ha_Long_Bay,_northern_Vietnam_(39)_(38485579296).jpg",https://upload.wikimedia.org/wikipedia/commons/thumb/1/17/Ha_Long_Bay%2C_northern_Vietnam_%2839%29_%2838485579296%29.jpg/500px-Ha_Long_Bay%2C_northern_Vietnam_%2839%29_%2838485579296%29.jpg,CC BY 2.0,"Richard Mortel  from Riyadh, Saudi Arabia",5986,3980,approved,
images/internal/ha-long/ha-long_03.jpg,internal,ha-long,Hạ Long,travel_landscape,1,"https://commons.wikimedia.org/wiki/File:Ha_Long_Bay,_northern_Vietnam_(40)_(26765662699).jpg",https://upload.wikimedia.org/wikipedia/commons/thumb/c/cb/Ha_Long_Bay%2C_northern_Vietnam_%2840%29_%2826765662699%29.jpg/500px-Ha_Long_Bay%2C_northern_Vietnam_%2840%29_%2826765662699%29.jpg,CC BY 2.0,"Richard Mortel  from Riyadh, Saudi Arabia",6000,4000,approved,
images/internal/ha-long/ha-long_04.jpg,internal,ha-long,Hạ Long,travel_landscape,1,"https://commons.wikimedia.org/wiki/File:Ha_Long_Bay,_northern_Vietnam_(43)_(37825653774).jpg",https://upload.wikimedia.org/wikipedia/commons/thumb/e/e0/Ha_Long_Bay%2C_northern_Vietnam_%2843%29_%2837825653774%29.jpg/500px-Ha_Long_Bay%2C_northern_Vietnam_%2843%29_%2837825653774%29.jpg,CC BY 2.0,"Richard Mortel  from Riyadh, Saudi Arabia",6000,4000,approved,
images/internal/ha-long/ha-long_05.jpg,internal,ha-long,Hạ Long,travel_landscape,1,"https://commons.wikimedia.org/wiki/File:Ha_Long_Bay,_northern_Vietnam_(44)_(37653918405).jpg",https://upload.wikimedia.org/wikipedia/commons/thumb/7/78/Ha_Long_Bay%2C_northern_Vietnam_%2844%29_%2837653918405%29.jpg/500px-Ha_Long_Bay%2C_northern_Vietnam_%2844%29_%2837653918405%29.jpg,CC BY 2.0,"Richard Mortel  from Riyadh, Saudi Arabia",6000,4000,approved,
images/internal/ha-long/ha-long_06.jpg,internal,ha-long,Hạ Long,travel_landscape,1,"https://commons.wikimedia.org/wiki/File:Ha_Long_Bay,_northern_Vietnam_(45)_(37825638404).jpg",https://upload.wikimedia.org/wikipedia/commons/thumb/b/bf/Ha_Long_Bay%2C_northern_Vietnam_%2845%29_%2837825638404%29.jpg/500px-Ha_Long_Bay%2C_northern_Vietnam_%2845%29_%2837825638404%29.jpg,CC BY 2.0,"Richard Mortel  from Riyadh, Saudi Arabia",6000,4000,approved,
images/internal/ha-long/ha-long_07.jpg,internal,ha-long,Hạ Long,travel_landscape,1,"https://commons.wikimedia.org/wiki/File:Ha_Long_Bay,_northern_Vietnam_(46)_(37653899485).jpg",https://upload.wikimedia.org/wikipedia/commons/thumb/5/5d/Ha_Long_Bay%2C_northern_Vietnam_%2846%29_%2837653899485%29.jpg/500px-Ha_Long_Bay%2C_northern_Vietnam_%2846%29_%2837653899485%29.jpg,CC BY 2.0,"Richard Mortel  from Riyadh, Saudi Arabia",5902,3848,approved,
images/internal/ha-long/ha-long_08.jpg,internal,ha-long,Hạ Long,travel_landscape,1,"https://commons.wikimedia.org/wiki/File:Ha_Long_Bay,_northern_Vietnam_(47)_(37653889815).jpg",https://upload.wikimedia.org/wikipedia/commons/thumb/1/10/Ha_Long_Bay%2C_northern_Vietnam_%2847%29_%2837653889815%29.jpg/500px-Ha_Long_Bay%2C_northern_Vietnam_%2847%29_%2837653889815%29.jpg,CC BY 2.0,"Richard Mortel  from Riyadh, Saudi Arabia",5990,3984,approved,
images/internal/sa-pa/sa-pa_01.jpg,internal,sa-pa,Sa Pa,travel_landscape,1,https://commons.wikimedia.org/wiki/File:Landscape_in_Sa_Pa_(Vietnam).jpg,https://upload.wikimedia.org/wikipedia/commons/thumb/c/c3/Landscape_in_Sa_Pa_%28Vietnam%29.jpg/500px-Landscape_in_Sa_Pa_%28Vietnam%29.jpg,CC BY-SA 3.0,,1333,1000,approved,
images/internal/sa-pa/sa-pa_02.jpg,internal,sa-pa,Sa Pa,travel_landscape,1,https://commons.wikimedia.org/wiki/File:Terraced_fields_Sa_Pa_Vietnam.JPG,https://upload.wikimedia.org/wikipedia/commons/thumb/f/fd/Terraced_fields_Sa_Pa_Vietnam.JPG/500px-Terraced_fields_Sa_Pa_Vietnam.JPG,CC BY 3.0,Konstantin Krismer,4288,2848,approved,
images/internal/sa-pa/sa-pa_03.jpg,internal,sa-pa,Sa Pa,travel_landscape,1,https://commons.wikimedia.org/wiki/File:Sa_Pa_Rice_Terrace_I.jpg,https://upload.wikimedia.org/wikipedia/commons/thumb/2/20/Sa_Pa_Rice_Terrace_I.jpg/500px-Sa_Pa_Rice_Terrace_I.jpg,CC BY-SA 3.0,Ekrem Canli,3906,2602,approved,
images/internal/sa-pa/sa-pa_04.jpg,internal,sa-pa,Sa Pa,travel_landscape,1,https://commons.wikimedia.org/wiki/File:Sa_Pa_Rice_Terrace_II.jpg,https://upload.wikimedia.org/wikipedia/commons/thumb/a/a7/Sa_Pa_Rice_Terrace_II.jpg/500px-Sa_Pa_Rice_Terrace_II.jpg,CC BY-SA 3.0,Ekrem Canli,3906,2602,approved,
images/internal/sa-pa/sa-pa_05.jpg,internal,sa-pa,Sa Pa,travel_landscape,1,https://commons.wikimedia.org/wiki/File:Sa_Pa_Rice_Terrace_III.jpg,https://upload.wikimedia.org/wikipedia/commons/thumb/c/cd/Sa_Pa_Rice_Terrace_III.jpg/500px-Sa_Pa_Rice_Terrace_III.jpg,CC BY-SA 3.0,Ekrem Canli,3888,2592,approved,
images/internal/sa-pa/sa-pa_06.jpg,internal,sa-pa,Sa Pa,travel_landscape,1,https://commons.wikimedia.org/wiki/File:Sa_Pa_Rice_Terrace_IV.jpg,https://upload.wikimedia.org/wikipedia/commons/thumb/8/8b/Sa_Pa_Rice_Terrace_IV.jpg/500px-Sa_Pa_Rice_Terrace_IV.jpg,CC BY-SA 3.0,Ekrem Canli,3888,2592,approved,
images/internal/sa-pa/sa-pa_07.jpg,internal,sa-pa,Sa Pa,travel_landscape,1,https://commons.wikimedia.org/wiki/File:Rice_terraces_in_Sa_Pa_01.jpg,https://upload.wikimedia.org/wikipedia/commons/thumb/1/17/Rice_terraces_in_Sa_Pa_01.jpg/500px-Rice_terraces_in_Sa_Pa_01.jpg,CC BY-SA 4.0,Christophe95,4032,3024,approved,
images/internal/sa-pa/sa-pa_08.jpg,internal,sa-pa,Sa Pa,travel_landscape,1,https://commons.wikimedia.org/wiki/File:Rice_terraces_in_Sa_Pa_02.jpg,https://upload.wikimedia.org/wikipedia/commons/thumb/6/61/Rice_terraces_in_Sa_Pa_02.jpg/500px-Rice_terraces_in_Sa_Pa_02.jpg,CC BY-SA 4.0,Christophe95,5079,3150,approved,
images/internal/ha-giang/ha-giang_01.jpg,internal,ha-giang,Hà Giang,travel_landscape,1,https://commons.wikimedia.org/wiki/File:DongHa-QuanBa_HaGiang%272007.jpg,https://upload.wikimedia.org/wikipedia/commons/thumb/e/e9/DongHa-QuanBa_HaGiang%272007.jpg/500px-DongHa-QuanBa_HaGiang%272007.jpg,CC BY 3.0,BacLuong  at  Vietnamese Wikipedia,2592,1813,approved,
images/internal/ha-giang/ha-giang_02.jpg,internal,ha-giang,Hà Giang,travel_landscape,1,https://commons.wikimedia.org/wiki/File:DuonglencongtroiQuanBa.jpg,https://upload.wikimedia.org/wikipedia/commons/thumb/5/53/DuonglencongtroiQuanBa.jpg/500px-DuonglencongtroiQuanBa.jpg,Public domain,The original uploader was  Thái Nhi  at  Vietnamese Wikipedia .,2304,3456,approved,
images/internal/ha-giang/ha-giang_03.jpg,internal,ha-giang,Hà Giang,travel_landscape,1,"https://commons.wikimedia.org/wiki/File:MaPiLeng,HaGiang,Vietnam.jpg",https://upload.wikimedia.org/wikipedia/commons/thumb/2/2c/MaPiLeng%2CHaGiang%2CVietnam.jpg/500px-MaPiLeng%2CHaGiang%2CVietnam.jpg,CC BY-SA 4.0,MapStaringEnthusiast,2160,3840,approved,
images/internal/ha-giang/ha-giang_04.jpg,internal,ha-giang,Hà Giang,travel_landscape,1,https://commons.wikimedia.org/wiki/File:Ma_Pi_Leng_Pass_winding_road_Ha_Giang_Vietnam.jpg,https://upload.wikimedia.org/wikipedia/commons/thumb/4/46/Ma_Pi_Leng_Pass_winding_road_Ha_Giang_Vietnam.jpg/500px-Ma_Pi_Leng_Pass_winding_road_Ha_Giang_Vietnam.jpg,CC BY 2.0,Khánh Hmoong,3896,2060,approved,
images/internal/ha-giang/ha-giang_05.jpg,internal,ha-giang,Hà Giang,travel_landscape,1,"https://commons.wikimedia.org/wiki/File:Mountain_road_at_M%C3%A3_P%C3%AD_L%C3%A8ng_Pass,_H%C3%A0_Giang_Province,_Vietnam.jpg",https://upload.wikimedia.org/wikipedia/commons/thumb/0/0f/Mountain_road_at_M%C3%A3_P%C3%AD_L%C3%A8ng_Pass%2C_H%C3%A0_Giang_Province%2C_Vietnam.jpg/500px-Mountain_road_at_M%C3%A3_P%C3%AD_L%C3%A8ng_Pass%2C_H%C3%A0_Giang_Province%2C_Vietnam.jpg,CC BY 2.0,Khánh Hmoong,3510,2357,rejected,
images/internal/ha-giang/ha-giang_06.jpg,internal,ha-giang,Hà Giang,travel_landscape,1,https://commons.wikimedia.org/wiki/File:Wild_Cow_(226860549).jpeg,https://upload.wikimedia.org/wikipedia/commons/thumb/f/ff/Wild_Cow_%28226860549%29.jpeg/500px-Wild_Cow_%28226860549%29.jpeg,CC BY 3.0,Solene Gl,2048,1536,rejected,"Ảnh bò, không đại diện cho địa danh Hà Giang."
images/internal/ninh-binh/ninh-binh_01.jpg,internal,ninh-binh,Ninh Bình,travel_landscape,1,"https://commons.wikimedia.org/wiki/File:Vietnam,_Ninh_Binh,_Trang_An_River.jpg",https://upload.wikimedia.org/wikipedia/commons/thumb/d/d4/Vietnam%2C_Ninh_Binh%2C_Trang_An_River.jpg/500px-Vietnam%2C_Ninh_Binh%2C_Trang_An_River.jpg,CC BY 4.0,Vyacheslav Argenberg,3984,2656,approved,
images/internal/ninh-binh/ninh-binh_02.jpg,internal,ninh-binh,Ninh Bình,travel_landscape,1,"https://commons.wikimedia.org/wiki/File:Vietnam,_Ninh_Binh,_Trang_An_Limestone_Peaks.jpg",https://upload.wikimedia.org/wikipedia/commons/thumb/c/c3/Vietnam%2C_Ninh_Binh%2C_Trang_An_Limestone_Peaks.jpg/500px-Vietnam%2C_Ninh_Binh%2C_Trang_An_Limestone_Peaks.jpg,CC BY 4.0,Vyacheslav Argenberg,3984,2656,approved,
images/internal/ninh-binh/ninh-binh_03.jpg,internal,ninh-binh,Ninh Bình,travel_landscape,1,"https://commons.wikimedia.org/wiki/File:Vietnam,_Ninh_Binh,_Trang_An_Scenic_Area.jpg",https://upload.wikimedia.org/wikipedia/commons/thumb/6/61/Vietnam%2C_Ninh_Binh%2C_Trang_An_Scenic_Area.jpg/500px-Vietnam%2C_Ninh_Binh%2C_Trang_An_Scenic_Area.jpg,CC BY 4.0,Vyacheslav Argenberg,3984,2656,approved,
images/internal/ninh-binh/ninh-binh_04.jpg,internal,ninh-binh,Ninh Bình,travel_landscape,1,"https://commons.wikimedia.org/wiki/File:Vietnam,_Ninh_Binh,_Trang_An_River_2.jpg",https://upload.wikimedia.org/wikipedia/commons/thumb/4/46/Vietnam%2C_Ninh_Binh%2C_Trang_An_River_2.jpg/500px-Vietnam%2C_Ninh_Binh%2C_Trang_An_River_2.jpg,CC BY 4.0,Vyacheslav Argenberg,3984,2656,approved,
images/internal/ninh-binh/ninh-binh_05.jpg,internal,ninh-binh,Ninh Bình,travel_landscape,1,"https://commons.wikimedia.org/wiki/File:Vietnam,_Ninh_Binh,_Trang_An_Cave.jpg",https://upload.wikimedia.org/wikipedia/commons/thumb/2/29/Vietnam%2C_Ninh_Binh%2C_Trang_An_Cave.jpg/500px-Vietnam%2C_Ninh_Binh%2C_Trang_An_Cave.jpg,CC BY 4.0,Vyacheslav Argenberg,3984,2656,approved,
images/internal/ninh-binh/ninh-binh_06.jpg,internal,ninh-binh,Ninh Bình,travel_landscape,1,"https://commons.wikimedia.org/wiki/File:Vietnam,_Ninh_Binh,_Trang_An_Area.jpg",https://upload.wikimedia.org/wikipedia/commons/thumb/6/68/Vietnam%2C_Ninh_Binh%2C_Trang_An_Area.jpg/500px-Vietnam%2C_Ninh_Binh%2C_Trang_An_Area.jpg,CC BY 4.0,Vyacheslav Argenberg,3984,2656,approved,
images/internal/ninh-binh/ninh-binh_07.jpg,internal,ninh-binh,Ninh Bình,travel_landscape,1,"https://commons.wikimedia.org/wiki/File:Trang_An_Landscape_Complex,_Ninh_Binh_Province,_Vietnam,_20240202_1436_5290.jpg",https://upload.wikimedia.org/wikipedia/commons/thumb/7/7f/Trang_An_Landscape_Complex%2C_Ninh_Binh_Province%2C_Vietnam%2C_20240202_1436_5290.jpg/500px-Trang_An_Landscape_Complex%2C_Ninh_Binh_Province%2C_Vietnam%2C_20240202_1436_5290.jpg,CC BY 4.0,Jakub Hałun,3377,5059,approved,
images/internal/ninh-binh/ninh-binh_08.jpg,internal,ninh-binh,Ninh Bình,travel_landscape,1,"https://commons.wikimedia.org/wiki/File:Trang_An_Landscape_Complex,_Ninh_Binh_Province,_Vietnam,_20240202_1433_5283.jpg",https://upload.wikimedia.org/wikipedia/commons/thumb/9/98/Trang_An_Landscape_Complex%2C_Ninh_Binh_Province%2C_Vietnam%2C_20240202_1433_5283.jpg/500px-Trang_An_Landscape_Complex%2C_Ninh_Binh_Province%2C_Vietnam%2C_20240202_1433_5283.jpg,CC BY 4.0,Jakub Hałun,5794,3868,approved,
images/internal/hoi-an/hoi-an_01.jpg,internal,hoi-an,Hội An,travel_landscape,1,"https://commons.wikimedia.org/wiki/File:H%E1%BB%99i_An,_Center_for_Culture_and_Sports,_2020-01_CN-01.jpg",https://upload.wikimedia.org/wikipedia/commons/thumb/5/5c/H%E1%BB%99i_An%2C_Center_for_Culture_and_Sports%2C_2020-01_CN-01.jpg/500px-H%E1%BB%99i_An%2C_Center_for_Culture_and_Sports%2C_2020-01_CN-01.jpg,CC BY-SA 4.0,Steffen Schmitz   ( more photos ),4689,2443,approved,
images/internal/hoi-an/hoi-an_02.jpg,internal,hoi-an,Hội An,travel_landscape,1,"https://commons.wikimedia.org/wiki/File:H%E1%BB%99i_An,_Ancient_Town,_2020-01_CN-01.jpg",https://upload.wikimedia.org/wikipedia/commons/thumb/f/f2/H%E1%BB%99i_An%2C_Ancient_Town%2C_2020-01_CN-01.jpg/500px-H%E1%BB%99i_An%2C_Ancient_Town%2C_2020-01_CN-01.jpg,CC BY-SA 4.0,Steffen Schmitz   ( more photos ),4244,2468,approved,
images/internal/hoi-an/hoi-an_03.jpg,internal,hoi-an,Hội An,travel_landscape,1,"https://commons.wikimedia.org/wiki/File:H%E1%BB%99i_An,_Ancient_Town,_2020-01_CN-02.jpg",https://upload.wikimedia.org/wikipedia/commons/thumb/4/40/H%E1%BB%99i_An%2C_Ancient_Town%2C_2020-01_CN-02.jpg/500px-H%E1%BB%99i_An%2C_Ancient_Town%2C_2020-01_CN-02.jpg,CC BY-SA 4.0,Steffen Schmitz   ( more photos ),3629,2577,approved,
images/internal/hoi-an/hoi-an_04.jpg,internal,hoi-an,Hội An,travel_landscape,1,"https://commons.wikimedia.org/wiki/File:H%E1%BB%99i_An,_Ancient_Town,_2020-01_CN-03.jpg",https://upload.wikimedia.org/wikipedia/commons/thumb/1/19/H%E1%BB%99i_An%2C_Ancient_Town%2C_2020-01_CN-03.jpg/500px-H%E1%BB%99i_An%2C_Ancient_Town%2C_2020-01_CN-03.jpg,CC BY-SA 4.0,Steffen Schmitz   ( more photos ),3390,3030,approved,
images/internal/hoi-an/hoi-an_05.jpg,internal,hoi-an,Hội An,travel_landscape,1,"https://commons.wikimedia.org/wiki/File:H%E1%BB%99i_An,_Ancient_Town,_2020-01_CN-04.jpg",https://upload.wikimedia.org/wikipedia/commons/thumb/9/91/H%E1%BB%99i_An%2C_Ancient_Town%2C_2020-01_CN-04.jpg/500px-H%E1%BB%99i_An%2C_Ancient_Town%2C_2020-01_CN-04.jpg,CC BY-SA 4.0,Steffen Schmitz   ( more photos ),3039,4101,approved,
images/internal/hoi-an/hoi-an_06.jpg,internal,hoi-an,Hội An,travel_landscape,1,"https://commons.wikimedia.org/wiki/File:H%E1%BB%99i_An,_Ancient_Town,_2020-01_CN-05.jpg",https://upload.wikimedia.org/wikipedia/commons/thumb/d/d7/H%E1%BB%99i_An%2C_Ancient_Town%2C_2020-01_CN-05.jpg/500px-H%E1%BB%99i_An%2C_Ancient_Town%2C_2020-01_CN-05.jpg,CC BY-SA 4.0,Steffen Schmitz   ( more photos ),4242,2755,approved,
images/internal/hoi-an/hoi-an_07.jpg,internal,hoi-an,Hội An,travel_landscape,1,"https://commons.wikimedia.org/wiki/File:H%E1%BB%99i_An,_Ancient_Town,_2020-01_CN-06.jpg",https://upload.wikimedia.org/wikipedia/commons/thumb/b/b1/H%E1%BB%99i_An%2C_Ancient_Town%2C_2020-01_CN-06.jpg/500px-H%E1%BB%99i_An%2C_Ancient_Town%2C_2020-01_CN-06.jpg,CC BY-SA 4.0,Steffen Schmitz   ( more photos ),4592,2954,approved,
images/internal/hoi-an/hoi-an_08.jpg,internal,hoi-an,Hội An,travel_landscape,1,"https://commons.wikimedia.org/wiki/File:H%E1%BB%99i_An,_Ancient_Town,_2020-01_CN-07.jpg",https://upload.wikimedia.org/wikipedia/commons/thumb/e/ec/H%E1%BB%99i_An%2C_Ancient_Town%2C_2020-01_CN-07.jpg/500px-H%E1%BB%99i_An%2C_Ancient_Town%2C_2020-01_CN-07.jpg,CC BY-SA 4.0,Steffen Schmitz   ( more photos ),4367,2836,approved,
images/internal/hue/hue_01.jpg,internal,hue,Huế,travel_landscape,1,https://commons.wikimedia.org/wiki/File:Hue_Vietnam_Citadel-of-Hu%E1%BA%BF-13.jpg,https://upload.wikimedia.org/wikipedia/commons/thumb/b/b9/Hue_Vietnam_Citadel-of-Hu%E1%BA%BF-13.jpg/500px-Hue_Vietnam_Citadel-of-Hu%E1%BA%BF-13.jpg,CC BY-SA 3.0,"CEphoto, Uwe Aranas",3718,2479,approved,
images/internal/hue/hue_02.jpg,internal,hue,Huế,travel_landscape,1,https://commons.wikimedia.org/wiki/File:Hue_Vietnam_Citadel-of-Hu%E1%BA%BF-12.jpg,https://upload.wikimedia.org/wikipedia/commons/thumb/b/be/Hue_Vietnam_Citadel-of-Hu%E1%BA%BF-12.jpg/500px-Hue_Vietnam_Citadel-of-Hu%E1%BA%BF-12.jpg,CC BY-SA 3.0,"CEphoto, Uwe Aranas",2478,3716,approved,
images/internal/hue/hue_03.jpg,internal,hue,Huế,travel_landscape,1,https://commons.wikimedia.org/wiki/File:Hue_Vietnam_Citadel-of-Hu%E1%BA%BF-10.jpg,https://upload.wikimedia.org/wikipedia/commons/thumb/8/85/Hue_Vietnam_Citadel-of-Hu%E1%BA%BF-10.jpg/500px-Hue_Vietnam_Citadel-of-Hu%E1%BA%BF-10.jpg,CC BY-SA 3.0,"CEphoto, Uwe Aranas",4260,2840,approved,
images/internal/hue/hue_04.jpg,internal,hue,Huế,travel_landscape,1,https://commons.wikimedia.org/wiki/File:Hue_Vietnam_Citadel-of-Hu%E1%BA%BF-15.jpg,https://upload.wikimedia.org/wikipedia/commons/thumb/c/cb/Hue_Vietnam_Citadel-of-Hu%E1%BA%BF-15.jpg/500px-Hue_Vietnam_Citadel-of-Hu%E1%BA%BF-15.jpg,CC BY-SA 3.0,"CEphoto, Uwe Aranas",3753,2681,approved,
images/internal/hue/hue_05.jpg,internal,hue,Huế,travel_landscape,1,https://commons.wikimedia.org/wiki/File:Hue_Vietnam_Citadel-of-Hu%E1%BA%BF-11.jpg,https://upload.wikimedia.org/wikipedia/commons/thumb/8/82/Hue_Vietnam_Citadel-of-Hu%E1%BA%BF-11.jpg/500px-Hue_Vietnam_Citadel-of-Hu%E1%BA%BF-11.jpg,CC BY-SA 3.0,"CEphoto, Uwe Aranas",4241,2827,approved,
images/internal/hue/hue_06.jpg,internal,hue,Huế,travel_landscape,1,https://commons.wikimedia.org/wiki/File:Hue_Vietnam_Citadel-of-Hu%E1%BA%BF-14.jpg,https://upload.wikimedia.org/wikipedia/commons/thumb/6/6a/Hue_Vietnam_Citadel-of-Hu%E1%BA%BF-14.jpg/500px-Hue_Vietnam_Citadel-of-Hu%E1%BA%BF-14.jpg,CC BY-SA 3.0,"CEphoto, Uwe Aranas",4272,2848,approved,
images/internal/hue/hue_07.jpg,internal,hue,Huế,travel_landscape,1,https://commons.wikimedia.org/wiki/File:Hue_Vietnam_Citadel-of-Hu%E1%BA%BF-16.jpg,https://upload.wikimedia.org/wikipedia/commons/thumb/5/50/Hue_Vietnam_Citadel-of-Hu%E1%BA%BF-16.jpg/500px-Hue_Vietnam_Citadel-of-Hu%E1%BA%BF-16.jpg,CC BY-SA 3.0,"CEphoto, Uwe Aranas",4272,2848,approved,
images/internal/hue/hue_08.jpg,internal,hue,Huế,travel_landscape,1,https://commons.wikimedia.org/wiki/File:Hue_Vietnam_Citadel-of-Hu%E1%BA%BF-18.jpg,https://upload.wikimedia.org/wikipedia/commons/thumb/3/3e/Hue_Vietnam_Citadel-of-Hu%E1%BA%BF-18.jpg/500px-Hue_Vietnam_Citadel-of-Hu%E1%BA%BF-18.jpg,CC BY-SA 3.0,"CEphoto, Uwe Aranas",3613,1979,approved,
images/internal/da-nang/da-nang_02.jpg,internal,da-nang,Đà Nẵng,travel_landscape,1,"https://commons.wikimedia.org/wiki/File:%C4%90%C3%A0_N%E1%BA%B5ng,_Dragon_bridge2.jpg",https://upload.wikimedia.org/wikipedia/commons/thumb/8/88/%C4%90%C3%A0_N%E1%BA%B5ng%2C_Dragon_bridge2.jpg/500px-%C4%90%C3%A0_N%E1%BA%B5ng%2C_Dragon_bridge2.jpg,CC BY 2.0,Joel Riedesel,4608,3456,approved,
images/internal/da-nang/da-nang_03.jpg,internal,da-nang,Đà Nẵng,travel_landscape,1,https://commons.wikimedia.org/wiki/File:Dragon_Bridge_in_Da_Nang_(far).jpg,https://upload.wikimedia.org/wikipedia/commons/thumb/9/9d/Dragon_Bridge_in_Da_Nang_%28far%29.jpg/500px-Dragon_Bridge_in_Da_Nang_%28far%29.jpg,CC BY-SA 4.0,Ioe2015,3264,1836,approved,
images/internal/da-nang/da-nang_04.jpg,internal,da-nang,Đà Nẵng,travel_landscape,1,https://commons.wikimedia.org/wiki/File:Dragon_Bridge_Da_Nang_1.jpg,https://upload.wikimedia.org/wikipedia/commons/thumb/5/5d/Dragon_Bridge_Da_Nang_1.jpg/500px-Dragon_Bridge_Da_Nang_1.jpg,CC BY-SA 4.0,Christophe95,4032,3024,approved,
images/internal/da-nang/da-nang_05.jpg,internal,da-nang,Đà Nẵng,travel_landscape,1,https://commons.wikimedia.org/wiki/File:Dragon_Bridge_Da_Nang_3.jpg,https://upload.wikimedia.org/wikipedia/commons/thumb/0/04/Dragon_Bridge_Da_Nang_3.jpg/500px-Dragon_Bridge_Da_Nang_3.jpg,CC BY-SA 4.0,Christophe95,5184,3888,approved,
images/internal/da-nang/da-nang_06.jpg,internal,da-nang,Đà Nẵng,travel_landscape,1,https://commons.wikimedia.org/wiki/File:Dragon_Bridge_Da_Nang_2.jpg,https://upload.wikimedia.org/wikipedia/commons/thumb/b/b8/Dragon_Bridge_Da_Nang_2.jpg/500px-Dragon_Bridge_Da_Nang_2.jpg,CC BY-SA 4.0,Christophe95,5184,3888,approved,
images/internal/da-nang/da-nang_07.jpg,internal,da-nang,Đà Nẵng,travel_landscape,1,https://commons.wikimedia.org/wiki/File:Dragon_Bridge_Da_Nang_4.jpg,https://upload.wikimedia.org/wikipedia/commons/thumb/c/cb/Dragon_Bridge_Da_Nang_4.jpg/500px-Dragon_Bridge_Da_Nang_4.jpg,CC BY-SA 4.0,Christophe95,5184,3888,approved,
images/internal/da-nang/da-nang_08.jpg,internal,da-nang,Đà Nẵng,travel_landscape,1,https://commons.wikimedia.org/wiki/File:Dragon_Carp_Da_Nang_1.jpg,https://upload.wikimedia.org/wikipedia/commons/thumb/e/eb/Dragon_Carp_Da_Nang_1.jpg/500px-Dragon_Carp_Da_Nang_1.jpg,CC BY-SA 4.0,Christophe95,4896,3715,approved,
images/internal/can-tho/can-tho_01.jpg,internal,can-tho,Cần Thơ,travel_landscape,1,https://commons.wikimedia.org/wiki/File:Floating_Market_-_Can_Tho_-_Vietnam.JPG,https://upload.wikimedia.org/wikipedia/commons/thumb/9/9c/Floating_Market_-_Can_Tho_-_Vietnam.JPG/500px-Floating_Market_-_Can_Tho_-_Vietnam.JPG,CC BY-SA 3.0,Adam Jones  Adam63,2304,3072,approved,
images/internal/can-tho/can-tho_02.jpg,internal,can-tho,Cần Thơ,travel_landscape,1,https://commons.wikimedia.org/wiki/File:Can_tho_floating_market.jpg,https://upload.wikimedia.org/wikipedia/commons/thumb/d/d5/Can_tho_floating_market.jpg/500px-Can_tho_floating_market.jpg,CC BY 2.0,Janne Hellsten,3648,2736,approved,
images/internal/can-tho/can-tho_03.jpg,internal,can-tho,Cần Thơ,travel_landscape,1,"https://commons.wikimedia.org/wiki/File:Porridge_seller,_Can_Tho_floating_market.JPG",https://upload.wikimedia.org/wikipedia/commons/thumb/5/57/Porridge_seller%2C_Can_Tho_floating_market.JPG/500px-Porridge_seller%2C_Can_Tho_floating_market.JPG,CC BY-SA 3.0,Dragfyre,1536,2048,approved,
images/internal/can-tho/can-tho_04.jpg,internal,can-tho,Cần Thơ,travel_landscape,1,"https://commons.wikimedia.org/wiki/File:Can_Tho,_Vietnam,_Floating_Market.jpg",https://upload.wikimedia.org/wikipedia/commons/thumb/9/9a/Can_Tho%2C_Vietnam%2C_Floating_Market.jpg/500px-Can_Tho%2C_Vietnam%2C_Floating_Market.jpg,CC BY 4.0,Vyacheslav Argenberg,3072,2048,approved,
images/internal/can-tho/can-tho_05.jpg,internal,can-tho,Cần Thơ,travel_landscape,1,"https://commons.wikimedia.org/wiki/File:Can_Tho,_Vietnam,_Floating_Market_2.jpg",https://upload.wikimedia.org/wikipedia/commons/thumb/c/cb/Can_Tho%2C_Vietnam%2C_Floating_Market_2.jpg/500px-Can_Tho%2C_Vietnam%2C_Floating_Market_2.jpg,CC BY 4.0,Vyacheslav Argenberg,3072,2048,approved,
images/internal/can-tho/can-tho_06.jpg,internal,can-tho,Cần Thơ,travel_landscape,1,"https://commons.wikimedia.org/wiki/File:Can_Tho,_Vietnam,_Floating_market,_Early_morning.jpg",https://upload.wikimedia.org/wikipedia/commons/thumb/6/6e/Can_Tho%2C_Vietnam%2C_Floating_market%2C_Early_morning.jpg/500px-Can_Tho%2C_Vietnam%2C_Floating_market%2C_Early_morning.jpg,CC BY 4.0,Vyacheslav Argenberg,3072,2048,approved,
images/internal/can-tho/can-tho_07.jpg,internal,can-tho,Cần Thơ,travel_landscape,1,"https://commons.wikimedia.org/wiki/File:Can_Tho,_Vietnam,_Floating_Market,_Rawing.jpg",https://upload.wikimedia.org/wikipedia/commons/thumb/2/2b/Can_Tho%2C_Vietnam%2C_Floating_Market%2C_Rawing.jpg/500px-Can_Tho%2C_Vietnam%2C_Floating_Market%2C_Rawing.jpg,CC BY 4.0,Vyacheslav Argenberg,3072,2048,approved,
images/internal/can-tho/can-tho_08.jpg,internal,can-tho,Cần Thơ,travel_landscape,1,"https://commons.wikimedia.org/wiki/File:Can_Tho,_Vietnam,_Floating_Market,_Sale.jpg",https://upload.wikimedia.org/wikipedia/commons/thumb/c/c6/Can_Tho%2C_Vietnam%2C_Floating_Market%2C_Sale.jpg/500px-Can_Tho%2C_Vietnam%2C_Floating_Market%2C_Sale.jpg,CC BY 4.0,Vyacheslav Argenberg,3072,2048,approved,
images/internal/ca-mau/ca-mau_01.jpg,internal,ca-mau,Cà Mau,travel_landscape,1,https://commons.wikimedia.org/wiki/File:Broken_mangrove_tree_stump_with_exposed_root_system_in_Ca_Mau_forest.jpg,https://upload.wikimedia.org/wikipedia/commons/thumb/8/87/Broken_mangrove_tree_stump_with_exposed_root_system_in_Ca_Mau_forest.jpg/500px-Broken_mangrove_tree_stump_with_exposed_root_system_in_Ca_Mau_forest.jpg,CC BY-SA 4.0,Nevillenguyen310,1836,4080,approved,
images/internal/ca-mau/ca-mau_02.jpg,internal,ca-mau,Cà Mau,travel_landscape,1,https://commons.wikimedia.org/wiki/File:Golden_sunrise_reflection_on_river_in_Ca_Mau_captured_on_March_22_2026.jpg,https://upload.wikimedia.org/wikipedia/commons/thumb/f/f0/Golden_sunrise_reflection_on_river_in_Ca_Mau_captured_on_March_22_2026.jpg/500px-Golden_sunrise_reflection_on_river_in_Ca_Mau_captured_on_March_22_2026.jpg,CC BY-SA 4.0,Nevillenguyen310,3672,8160,approved,
images/internal/ca-mau/ca-mau_03.jpg,internal,ca-mau,Cà Mau,travel_landscape,1,https://commons.wikimedia.org/wiki/File:Intricate_prop_root_system_of_mangrove_tree_in_Ca_Mau_Vietnam.jpg,https://upload.wikimedia.org/wikipedia/commons/thumb/0/03/Intricate_prop_root_system_of_mangrove_tree_in_Ca_Mau_Vietnam.jpg/500px-Intricate_prop_root_system_of_mangrove_tree_in_Ca_Mau_Vietnam.jpg,CC BY-SA 4.0,Nevillenguyen310,1836,4080,approved,
images/internal/ca-mau/ca-mau_04.jpg,internal,ca-mau,Cà Mau,travel_landscape,1,https://commons.wikimedia.org/wiki/File:Mangrove_forest_shoreline_viewed_from_a_scenic_walkway_in_Ca_Mau.jpg,https://upload.wikimedia.org/wikipedia/commons/thumb/f/ff/Mangrove_forest_shoreline_viewed_from_a_scenic_walkway_in_Ca_Mau.jpg/500px-Mangrove_forest_shoreline_viewed_from_a_scenic_walkway_in_Ca_Mau.jpg,CC BY-SA 4.0,Nevillenguyen310,1006,2560,approved,
images/internal/ca-mau/ca-mau_05.jpg,internal,ca-mau,Cà Mau,travel_landscape,1,https://commons.wikimedia.org/wiki/File:Walkway_railing_along_a_mangrove_river_in_Ca_Mau.jpg,https://upload.wikimedia.org/wikipedia/commons/thumb/8/80/Walkway_railing_along_a_mangrove_river_in_Ca_Mau.jpg/500px-Walkway_railing_along_a_mangrove_river_in_Ca_Mau.jpg,CC BY-SA 4.0,Nevillenguyen310,943,2560,approved,
images/internal/an-giang/an-giang_01.jpg,internal,an-giang,An Giang,travel_landscape,1,https://commons.wikimedia.org/wiki/File:Tr%C3%A0_s%C6%B0.jpg,https://upload.wikimedia.org/wikipedia/commons/thumb/d/d6/Tr%C3%A0_s%C6%B0.jpg/500px-Tr%C3%A0_s%C6%B0.jpg,CC BY-SA 3.0,Bùi Thụy Đào Nguyên,2000,1500,approved,
images/internal/an-giang/an-giang_02.jpg,internal,an-giang,An Giang,travel_landscape,1,https://commons.wikimedia.org/wiki/File:R%E1%BB%ABng_Tr%C3%A0m_Tr%C3%A0_S%C6%B0.JPG,https://upload.wikimedia.org/wikipedia/commons/thumb/9/9a/R%E1%BB%ABng_Tr%C3%A0m_Tr%C3%A0_S%C6%B0.JPG/500px-R%E1%BB%ABng_Tr%C3%A0m_Tr%C3%A0_S%C6%B0.JPG,CC BY-SA 3.0,Hoangvantoanajc,4592,3056,approved,
images/internal/an-giang/an-giang_03.jpg,internal,an-giang,An Giang,travel_landscape,1,https://commons.wikimedia.org/wiki/File:Tr%C3%A0_S%C6%B0_2.jpg,https://upload.wikimedia.org/wikipedia/commons/thumb/2/21/Tr%C3%A0_S%C6%B0_2.jpg/500px-Tr%C3%A0_S%C6%B0_2.jpg,CC BY-SA 3.0,Bùi Thụy Đào Nguyên,3648,2736,approved,
images/internal/an-giang/an-giang_04.jpg,internal,an-giang,An Giang,travel_landscape,1,https://commons.wikimedia.org/wiki/File:Tr%C3%A0_S%C6%B0_1.jpg,https://upload.wikimedia.org/wikipedia/commons/thumb/b/b8/Tr%C3%A0_S%C6%B0_1.jpg/500px-Tr%C3%A0_S%C6%B0_1.jpg,CC BY-SA 3.0,Bùi Thụy Đào Nguyên,3552,2663,approved,
images/internal/an-giang/an-giang_05.jpg,internal,an-giang,An Giang,travel_landscape,1,https://commons.wikimedia.org/wiki/File:Tham_quan_Tr%C3%A0_S%C6%B0.jpg,https://upload.wikimedia.org/wikipedia/commons/thumb/9/90/Tham_quan_Tr%C3%A0_S%C6%B0.jpg/500px-Tham_quan_Tr%C3%A0_S%C6%B0.jpg,CC BY-SA 3.0,Bùi Thụy Đào Nguyên,4630,3449,approved,
images/internal/an-giang/an-giang_06.jpg,internal,an-giang,An Giang,travel_landscape,1,https://commons.wikimedia.org/wiki/File:Sen_%E1%BB%9F_Tr%C3%A0_S%C6%B0.jpg,https://upload.wikimedia.org/wikipedia/commons/thumb/3/38/Sen_%E1%BB%9F_Tr%C3%A0_S%C6%B0.jpg/500px-Sen_%E1%BB%9F_Tr%C3%A0_S%C6%B0.jpg,CC BY-SA 3.0,Bùi Thụy Đào Nguyên,3648,2736,approved,
images/internal/an-giang/an-giang_07.jpg,internal,an-giang,An Giang,travel_landscape,1,https://commons.wikimedia.org/wiki/File:Nh%E1%BB%AFng_c%C3%A2y_tr%C3%A0m.jpg,https://upload.wikimedia.org/wikipedia/commons/thumb/8/8d/Nh%E1%BB%AFng_c%C3%A2y_tr%C3%A0m.jpg/500px-Nh%E1%BB%AFng_c%C3%A2y_tr%C3%A0m.jpg,CC BY-SA 3.0,Bùi Thụy Đào Nguyên,2736,3648,approved,
images/internal/an-giang/an-giang_08.jpg,internal,an-giang,An Giang,travel_landscape,1,https://commons.wikimedia.org/wiki/File:C%E1%BA%A3nh_tr%C3%AAn_n%C3%BAi_Tr%C3%A0_S%C6%B0_2.jpg,https://upload.wikimedia.org/wikipedia/commons/thumb/1/17/C%E1%BA%A3nh_tr%C3%AAn_n%C3%BAi_Tr%C3%A0_S%C6%B0_2.jpg/500px-C%E1%BA%A3nh_tr%C3%AAn_n%C3%BAi_Tr%C3%A0_S%C6%B0_2.jpg,CC BY-SA 3.0,Bùi Thụy Đào Nguyên,4608,3456,approved,
images/internal/tay-ninh/tay-ninh_01.jpg,internal,tay-ninh,Tây Ninh,travel_landscape,1,https://commons.wikimedia.org/wiki/File:C%C3%A1p_treo_n%C3%BAi_B%C3%A0_%C4%90en.JPG,https://upload.wikimedia.org/wikipedia/commons/thumb/0/0c/C%C3%A1p_treo_n%C3%BAi_B%C3%A0_%C4%90en.JPG/500px-C%C3%A1p_treo_n%C3%BAi_B%C3%A0_%C4%90en.JPG,Public domain,"Nguyễn Thanh Quang  18:18, 16 December 2007 (UTC)",2560,1920,approved,
images/internal/tay-ninh/tay-ninh_02.jpg,internal,tay-ninh,Tây Ninh,travel_landscape,1,https://commons.wikimedia.org/wiki/File:Linh_S%C6%A1n_Thi%C3%AAn_Th%E1%BA%A1ch_t%E1%BB%B1.JPG,https://upload.wikimedia.org/wikipedia/commons/thumb/d/d1/Linh_S%C6%A1n_Thi%C3%AAn_Th%E1%BA%A1ch_t%E1%BB%B1.JPG/500px-Linh_S%C6%A1n_Thi%C3%AAn_Th%E1%BA%A1ch_t%E1%BB%B1.JPG,Public domain,Nguyễn Thanh Quang,2560,1920,approved,
images/internal/tay-ninh/tay-ninh_03.jpg,internal,tay-ninh,Tây Ninh,travel_landscape,1,https://commons.wikimedia.org/wiki/File:T%C6%B0%E1%BB%A3ng_th%E1%BB%9D_B%C3%A0_%C4%90en.jpg,https://upload.wikimedia.org/wikipedia/commons/thumb/3/35/T%C6%B0%E1%BB%A3ng_th%E1%BB%9D_B%C3%A0_%C4%90en.jpg/500px-T%C6%B0%E1%BB%A3ng_th%E1%BB%9D_B%C3%A0_%C4%90en.jpg,CC BY 3.0,Bùi Thụy Đào Nguyên,3296,2472,approved,
images/internal/tay-ninh/tay-ninh_04.jpg,internal,tay-ninh,Tây Ninh,travel_landscape,1,"https://commons.wikimedia.org/wiki/File:B%E1%BA%A3o_t%C3%A0ng_L%E1%BB%8Bch_s%E1%BB%AD_N%C3%BAi_B%C3%A0_%C4%90en_T%C3%A2y_Ninh,_KDL_N%C3%BAi_B%C3%A0_%C4%90en.JPG",https://upload.wikimedia.org/wikipedia/commons/thumb/9/9b/B%E1%BA%A3o_t%C3%A0ng_L%E1%BB%8Bch_s%E1%BB%AD_N%C3%BAi_B%C3%A0_%C4%90en_T%C3%A2y_Ninh%2C_KDL_N%C3%BAi_B%C3%A0_%C4%90en.JPG/500px-B%E1%BA%A3o_t%C3%A0ng_L%E1%BB%8Bch_s%E1%BB%AD_N%C3%BAi_B%C3%A0_%C4%90en_T%C3%A2y_Ninh%2C_KDL_N%C3%BAi_B%C3%A0_%C4%90en.JPG,CC BY-SA 3.0,Prenn,3264,2448,approved,
images/internal/tay-ninh/tay-ninh_05.jpg,internal,tay-ninh,Tây Ninh,travel_landscape,1,"https://commons.wikimedia.org/wiki/File:L%C6%B0%E1%BB%A1ng_long_tr%C3%AAn_m%C3%A1i_ch%C3%B9a_B%C3%A0,_KDL_N%C3%BAi_B%C3%A0_%C4%90en.jpg",https://upload.wikimedia.org/wikipedia/commons/thumb/7/77/L%C6%B0%E1%BB%A1ng_long_tr%C3%AAn_m%C3%A1i_ch%C3%B9a_B%C3%A0%2C_KDL_N%C3%BAi_B%C3%A0_%C4%90en.jpg/500px-L%C6%B0%E1%BB%A1ng_long_tr%C3%AAn_m%C3%A1i_ch%C3%B9a_B%C3%A0%2C_KDL_N%C3%BAi_B%C3%A0_%C4%90en.jpg,CC BY-SA 3.0,Prenn,3264,2448,approved,
images/internal/tay-ninh/tay-ninh_06.jpg,internal,tay-ninh,Tây Ninh,travel_landscape,1,"https://commons.wikimedia.org/wiki/File:M%C3%A1ng_tr%C6%B0%E1%BB%A3t,_KDL_N%C3%BAi_B%C3%A0_%C4%90en.JPG",https://upload.wikimedia.org/wikipedia/commons/thumb/9/92/M%C3%A1ng_tr%C6%B0%E1%BB%A3t%2C_KDL_N%C3%BAi_B%C3%A0_%C4%90en.JPG/500px-M%C3%A1ng_tr%C6%B0%E1%BB%A3t%2C_KDL_N%C3%BAi_B%C3%A0_%C4%90en.JPG,CC BY-SA 3.0,Prenn,3264,2448,approved,
images/internal/tay-ninh/tay-ninh_07.jpg,internal,tay-ninh,Tây Ninh,travel_landscape,1,"https://commons.wikimedia.org/wiki/File:Ch%C3%B9a_B%C3%A0_v%C3%A0_c%E1%BA%A3nh_ch%C3%A2n_tr%E1%BB%9Di,_KDL_N%C3%BAi_B%C3%A0_%C4%90en.jpg",https://upload.wikimedia.org/wikipedia/commons/thumb/d/de/Ch%C3%B9a_B%C3%A0_v%C3%A0_c%E1%BA%A3nh_ch%C3%A2n_tr%E1%BB%9Di%2C_KDL_N%C3%BAi_B%C3%A0_%C4%90en.jpg/500px-Ch%C3%B9a_B%C3%A0_v%C3%A0_c%E1%BA%A3nh_ch%C3%A2n_tr%E1%BB%9Di%2C_KDL_N%C3%BAi_B%C3%A0_%C4%90en.jpg,CC BY-SA 3.0,Prenn,7876,2278,approved,
images/internal/tay-ninh/tay-ninh_08.jpg,internal,tay-ninh,Tây Ninh,travel_landscape,1,"https://commons.wikimedia.org/wiki/File:Leo_n%C3%BAi_%E1%BB%9F_n%C3%BAi_B%C3%A0_%C4%90en,_T%C3%A2y_Ninh.JPG",https://upload.wikimedia.org/wikipedia/commons/thumb/c/c9/Leo_n%C3%BAi_%E1%BB%9F_n%C3%BAi_B%C3%A0_%C4%90en%2C_T%C3%A2y_Ninh.JPG/500px-Leo_n%C3%BAi_%E1%BB%9F_n%C3%BAi_B%C3%A0_%C4%90en%2C_T%C3%A2y_Ninh.JPG,Public domain,Tokeisan  ( thảo luận ),3648,2736,rejected,
images/external/mount-fuji/mount-fuji_01.jpg,external,,Núi Phú Sĩ,travel_landscape,0,https://commons.wikimedia.org/wiki/File:Morimura_Atsutaka_-_Tsuba_with_Saigy%C3%B4_Gazing_at_Mt_Fuji_-_Walters_51136.jpg,https://upload.wikimedia.org/wikipedia/commons/thumb/f/f1/Morimura_Atsutaka_-_Tsuba_with_Saigy%C3%B4_Gazing_at_Mt_Fuji_-_Walters_51136.jpg/500px-Morimura_Atsutaka_-_Tsuba_with_Saigy%C3%B4_Gazing_at_Mt_Fuji_-_Walters_51136.jpg,Public domain,Morimura Atsutaka,1776,1799,rejected,
images/external/mount-fuji/mount-fuji_02.jpg,external,,Núi Phú Sĩ,travel_landscape,0,https://commons.wikimedia.org/wiki/File:Kokuy%C5%AB_Tetsud%C5%8D_(Mt._Fuji)_(rbm-coll3020-02-08).jpg,https://upload.wikimedia.org/wikipedia/commons/thumb/b/b3/Kokuy%C5%AB_Tetsud%C5%8D_%28Mt._Fuji%29_%28rbm-coll3020-02-08%29.jpg/500px-Kokuy%C5%AB_Tetsud%C5%8D_%28Mt._Fuji%29_%28rbm-coll3020-02-08%29.jpg,Public domain,Unknown author Unknown author,4757,6520,rejected,
images/external/mount-fuji/mount-fuji_03.jpg,external,,Núi Phú Sĩ,travel_landscape,0,https://commons.wikimedia.org/wiki/File:1930s_Japan_Travel_Poster_-_10.jpg,https://upload.wikimedia.org/wikipedia/commons/thumb/f/f3/1930s_Japan_Travel_Poster_-_10.jpg/500px-1930s_Japan_Travel_Poster_-_10.jpg,Public domain,Japanese Government Railways,2045,3000,rejected,
images/external/mount-fuji/mount-fuji_04.jpg,external,,Núi Phú Sĩ,travel_landscape,0,https://commons.wikimedia.org/wiki/File:1930s_Japan_Travel_Poster_-_13.jpg,https://upload.wikimedia.org/wikipedia/commons/thumb/3/39/1930s_Japan_Travel_Poster_-_13.jpg/500px-1930s_Japan_Travel_Poster_-_13.jpg,Public domain,Japanese Government Railways,2051,3000,rejected,
images/external/mount-fuji/mount-fuji_05.jpg,external,,Núi Phú Sĩ,travel_landscape,0,https://commons.wikimedia.org/wiki/File:1930s_Japan_Travel_Poster_-_20.jpg,https://upload.wikimedia.org/wikipedia/commons/thumb/2/2b/1930s_Japan_Travel_Poster_-_20.jpg/500px-1930s_Japan_Travel_Poster_-_20.jpg,Public domain,Japanese Government Railways,1041,1500,rejected,
images/external/mount-fuji/mount-fuji_06.jpg,external,,Núi Phú Sĩ,travel_landscape,0,https://commons.wikimedia.org/wiki/File:Mysterious_Japan;_(1922)_(14775884802).jpg,https://upload.wikimedia.org/wikipedia/commons/thumb/4/48/Mysterious_Japan%3B_%281922%29_%2814775884802%29.jpg/500px-Mysterious_Japan%3B_%281922%29_%2814775884802%29.jpg,No restrictions,Internet Archive Book Images,1550,2298,rejected,
images/external/mount-fuji/mount-fuji_07.jpg,external,,Núi Phú Sĩ,travel_landscape,0,https://commons.wikimedia.org/wiki/File:1930s_Japan_Travel_Poster_-_20_(cropped).jpg,https://upload.wikimedia.org/wikipedia/commons/thumb/8/87/1930s_Japan_Travel_Poster_-_20_%28cropped%29.jpg/500px-1930s_Japan_Travel_Poster_-_20_%28cropped%29.jpg,Public domain,Japanese Government Railways,985,1206,rejected,
images/external/mount-fuji/mount-fuji_08.jpg,external,,Núi Phú Sĩ,travel_landscape,0,"https://commons.wikimedia.org/wiki/File:1930s_Japan_Travel_Poster_-_20_(cropped,_with_text).jpg",https://upload.wikimedia.org/wikipedia/commons/thumb/c/cb/1930s_Japan_Travel_Poster_-_20_%28cropped%2C_with_text%29.jpg/500px-1930s_Japan_Travel_Poster_-_20_%28cropped%2C_with_text%29.jpg,Public domain,Japanese Government Railways,988,1449,rejected,
images/external/big-ben/big-ben_02.jpg,external,,Big Ben,travel_landscape,0,https://commons.wikimedia.org/wiki/File:Aerial_london_2.JPG,https://upload.wikimedia.org/wikipedia/commons/thumb/0/0c/Aerial_london_2.JPG/500px-Aerial_london_2.JPG,CC BY 2.5,The original uploader was  Stevekeiretsu  at  English Wikipedia .   Later versions were uploaded by  Arpingstone  at  en.wikipedia .,2816,2112,approved,
images/external/big-ben/big-ben_03.jpg,external,,Big Ben,travel_landscape,0,https://commons.wikimedia.org/wiki/File:Big_Ben_and_Underground.JPG,https://upload.wikimedia.org/wikipedia/commons/thumb/c/ca/Big_Ben_and_Underground.JPG/500px-Big_Ben_and_Underground.JPG,CC BY-SA 3.0,Dkoukoul,2048,1536,approved,
images/external/big-ben/big-ben_04.jpg,external,,Big Ben,travel_landscape,0,https://commons.wikimedia.org/wiki/File:Elizabeth_Tower_Big_Ben_MOD_45154552.jpg,https://upload.wikimedia.org/wikipedia/commons/thumb/e/e8/Elizabeth_Tower_Big_Ben_MOD_45154552.jpg/500px-Elizabeth_Tower_Big_Ben_MOD_45154552.jpg,OGL v1.0,Sergeant Adrian Harlen,2000,1237,approved,
images/external/big-ben/big-ben_05.jpg,external,,Big Ben,travel_landscape,0,"https://commons.wikimedia.org/wiki/File:The_Elizabeth_Tower,_Big_Ben,_London_MOD_45155525.jpg",https://upload.wikimedia.org/wikipedia/commons/thumb/2/2e/The_Elizabeth_Tower%2C_Big_Ben%2C_London_MOD_45155525.jpg/500px-The_Elizabeth_Tower%2C_Big_Ben%2C_London_MOD_45155525.jpg,OGL v1.0,Sergeant Tom Robinson RLC,1890,3000,approved,
images/external/big-ben/big-ben_06.jpg,external,,Big Ben,travel_landscape,0,https://commons.wikimedia.org/wiki/File:London_Bus_(1464576).jpg,https://upload.wikimedia.org/wikipedia/commons/thumb/3/30/London_Bus_%281464576%29.jpg/500px-London_Bus_%281464576%29.jpg,CC0,WiseTraveller,2316,3478,approved,
images/external/big-ben/big-ben_07.jpg,external,,Big Ben,travel_landscape,0,https://commons.wikimedia.org/wiki/File:London_Bus_(1464575).jpg,https://upload.wikimedia.org/wikipedia/commons/thumb/6/6c/London_Bus_%281464575%29.jpg/500px-London_Bus_%281464575%29.jpg,CC0,WiseTraveller,2223,3337,approved,
images/external/big-ben/big-ben_08.jpg,external,,Big Ben,travel_landscape,0,https://commons.wikimedia.org/wiki/File:The_Big_Ben_London_England_Travel_Photography_(182408019).jpeg,https://upload.wikimedia.org/wikipedia/commons/thumb/4/49/The_Big_Ben_London_England_Travel_Photography_%28182408019%29.jpeg/500px-The_Big_Ben_London_England_Travel_Photography_%28182408019%29.jpeg,CC BY 3.0,Giuseppe Milo,2048,1366,approved,
images/external/eiffel-tower/eiffel-tower_01.jpg,external,,Tháp Eiffel,travel_landscape,0,https://commons.wikimedia.org/wiki/File:Tour_eiffel_at_sunrise_from_the_trocadero.jpg,https://upload.wikimedia.org/wikipedia/commons/thumb/a/af/Tour_eiffel_at_sunrise_from_the_trocadero.jpg/500px-Tour_eiffel_at_sunrise_from_the_trocadero.jpg,CC BY-SA 3.0,Tristan Nitot,2336,3504,approved,
images/external/eiffel-tower/eiffel-tower_02.jpg,external,,Tháp Eiffel,travel_landscape,0,https://commons.wikimedia.org/wiki/File:Lightning_striking_the_Eiffel_Tower_-_NOAA.jpg,https://upload.wikimedia.org/wikipedia/commons/thumb/d/d7/Lightning_striking_the_Eiffel_Tower_-_NOAA.jpg/500px-Lightning_striking_the_Eiffel_Tower_-_NOAA.jpg,Public domain,Gabriel Loppé,1072,1624,approved,
images/external/eiffel-tower/eiffel-tower_03.jpg,external,,Tháp Eiffel,travel_landscape,0,https://commons.wikimedia.org/wiki/File:Champ_de_Mars_from_the_Eiffel_Tower_-_July_2006_edit.jpg,https://upload.wikimedia.org/wikipedia/commons/thumb/0/0e/Champ_de_Mars_from_the_Eiffel_Tower_-_July_2006_edit.jpg/500px-Champ_de_Mars_from_the_Eiffel_Tower_-_July_2006_edit.jpg,CC BY 2.5,"Diliff , edited by  Fir0002",1900,1871,approved,
images/external/eiffel-tower/eiffel-tower_04.jpg,external,,Tháp Eiffel,travel_landscape,0,https://commons.wikimedia.org/wiki/File:Tour_Eiffel_Wikimedia_Commons.jpg,https://upload.wikimedia.org/wikipedia/commons/thumb/a/a8/Tour_Eiffel_Wikimedia_Commons.jpg/500px-Tour_Eiffel_Wikimedia_Commons.jpg,Public domain,Benh LIEU SONG,2900,5367,approved,
images/external/eiffel-tower/eiffel-tower_05.jpg,external,,Tháp Eiffel,travel_landscape,0,"https://commons.wikimedia.org/wiki/File:Eiffel_Tower_from_north_Avenue_de_New_York,_Aug_2010.jpg",https://upload.wikimedia.org/wikipedia/commons/thumb/7/78/Eiffel_Tower_from_north_Avenue_de_New_York%2C_Aug_2010.jpg/500px-Eiffel_Tower_from_north_Avenue_de_New_York%2C_Aug_2010.jpg,CC BY-SA 3.0,Julie Anne Workman,5311,10216,approved,
images/external/eiffel-tower/eiffel-tower_06.jpg,external,,Tháp Eiffel,travel_landscape,0,https://commons.wikimedia.org/wiki/File:Reflet-tour-Eiffel-Paris-Luc-Viatour.jpg,https://upload.wikimedia.org/wikipedia/commons/thumb/b/b5/Reflet-tour-Eiffel-Paris-Luc-Viatour.jpg/500px-Reflet-tour-Eiffel-Paris-Luc-Viatour.jpg,CC BY-SA 3.0,Lviatour,2608,3880,approved,
images/external/eiffel-tower/eiffel-tower_07.jpg,external,,Tháp Eiffel,travel_landscape,0,https://commons.wikimedia.org/wiki/File:Eiffel_Tower_and_Pont_Alexandre_III_at_night.jpg,https://upload.wikimedia.org/wikipedia/commons/thumb/d/de/Eiffel_Tower_and_Pont_Alexandre_III_at_night.jpg/500px-Eiffel_Tower_and_Pont_Alexandre_III_at_night.jpg,CC BY 2.0,Getfunky Paris,4288,2748,approved,
images/external/eiffel-tower/eiffel-tower_08.jpg,external,,Tháp Eiffel,travel_landscape,0,https://commons.wikimedia.org/wiki/File:Paris_-_The_Eiffel_Tower_in_spring_-_2307.jpg,https://upload.wikimedia.org/wikipedia/commons/thumb/b/b7/Paris_-_The_Eiffel_Tower_in_spring_-_2307.jpg/500px-Paris_-_The_Eiffel_Tower_in_spring_-_2307.jpg,CC BY-SA 3.0,Jorge Royan,4368,2912,approved,
images/external/sydney-opera-house/sydney-opera-house_01.jpg,external,,Nhà hát Opera Sydney,travel_landscape,0,https://commons.wikimedia.org/wiki/File:Opera_house_from_Circular_Quay.JPG,https://upload.wikimedia.org/wikipedia/commons/thumb/1/16/Opera_house_from_Circular_Quay.JPG/500px-Opera_house_from_Circular_Quay.JPG,CC0,Ypsilon from Finland,3200,2400,approved,
images/external/sydney-opera-house/sydney-opera-house_02.jpg,external,,Nhà hát Opera Sydney,travel_landscape,0,https://commons.wikimedia.org/wiki/File:Aerial_view_of_Sydney_landmarks.jpg,https://upload.wikimedia.org/wikipedia/commons/thumb/a/a7/Aerial_view_of_Sydney_landmarks.jpg/500px-Aerial_view_of_Sydney_landmarks.jpg,CC BY-SA 2.0,Mike Cogh,1600,1200,approved,
images/external/sydney-opera-house/sydney-opera-house_03.jpg,external,,Nhà hát Opera Sydney,travel_landscape,0,https://commons.wikimedia.org/wiki/File:Sydney_Landmarks_(31014405440).jpg,https://upload.wikimedia.org/wikipedia/commons/thumb/b/bd/Sydney_Landmarks_%2831014405440%29.jpg/500px-Sydney_Landmarks_%2831014405440%29.jpg,CC BY-SA 2.0,"Michael Coghlan  from Adelaide, Australia",1560,1144,approved,
images/external/sydney-opera-house/sydney-opera-house_04.jpg,external,,Nhà hát Opera Sydney,travel_landscape,0,https://commons.wikimedia.org/wiki/File:Sydney_Harbour_Bridge_and_Opera_House_as_seen_from_an_airplane_(29102154375).jpg,https://upload.wikimedia.org/wikipedia/commons/thumb/8/87/Sydney_Harbour_Bridge_and_Opera_House_as_seen_from_an_airplane_%2829102154375%29.jpg/500px-Sydney_Harbour_Bridge_and_Opera_House_as_seen_from_an_airplane_%2829102154375%29.jpg,CC BY 2.0,"Jorge Láscar  from Melbourne, Australia",7360,4912,approved,
images/external/sydney-opera-house/sydney-opera-house_05.jpg,external,,Nhà hát Opera Sydney,travel_landscape,0,https://commons.wikimedia.org/wiki/File:The_Sydney_Opera_House_(153419339).jpeg,https://upload.wikimedia.org/wikipedia/commons/thumb/1/1d/The_Sydney_Opera_House_%28153419339%29.jpeg/500px-The_Sydney_Opera_House_%28153419339%29.jpeg,CC BY 3.0,Anton Domingo,2048,1360,approved,
images/external/sydney-opera-house/sydney-opera-house_06.jpg,external,,Nhà hát Opera Sydney,travel_landscape,0,https://commons.wikimedia.org/wiki/File:Sydney_Opera_House_and_Harbour_Bridge_Dusk_2019-06-21.jpg,https://upload.wikimedia.org/wikipedia/commons/thumb/8/81/Sydney_Opera_House_and_Harbour_Bridge_Dusk_2019-06-21.jpg/500px-Sydney_Opera_House_and_Harbour_Bridge_Dusk_2019-06-21.jpg,CC BY-SA 4.0,Benh LIEU SONG  ( Flickr ),6382,2749,approved,
images/external/sydney-opera-house/sydney-opera-house_07.jpg,external,,Nhà hát Opera Sydney,travel_landscape,0,https://commons.wikimedia.org/wiki/File:Sydney_Opera_House_and_Harbour_Bridge_Dusk_(2)_2019-06-21.jpg,https://upload.wikimedia.org/wikipedia/commons/thumb/5/53/Sydney_Opera_House_and_Harbour_Bridge_Dusk_%282%29_2019-06-21.jpg/500px-Sydney_Opera_House_and_Harbour_Bridge_Dusk_%282%29_2019-06-21.jpg,CC BY-SA 4.0,Benh LIEU SONG  ( Flickr ),6173,3087,approved,
images/external/sydney-opera-house/sydney-opera-house_08.jpg,external,,Nhà hát Opera Sydney,travel_landscape,0,"https://commons.wikimedia.org/wiki/File:Sydney_(AU),_Opera_House_--_2019_--_2130.jpg",https://upload.wikimedia.org/wikipedia/commons/thumb/7/79/Sydney_%28AU%29%2C_Opera_House_--_2019_--_2130.jpg/500px-Sydney_%28AU%29%2C_Opera_House_--_2019_--_2130.jpg,CC BY-SA 4.0,Dietmar Rabich,6637,4425,approved,
images/external/statue-of-liberty/statue-of-liberty_02.jpg,external,,Tượng Nữ thần Tự do,travel_landscape,0,https://commons.wikimedia.org/wiki/File:Statue_of_Liberty_frontal_2.jpg,https://upload.wikimedia.org/wikipedia/commons/thumb/6/6e/Statue_of_Liberty_frontal_2.jpg/500px-Statue_of_Liberty_frontal_2.jpg,Public domain,Daniel Schwen,3249,8048,approved,
images/external/statue-of-liberty/statue-of-liberty_03.jpg,external,,Tượng Nữ thần Tự do,travel_landscape,0,"https://commons.wikimedia.org/wiki/File:Statue_of_Liberty,_NY.jpg",https://upload.wikimedia.org/wikipedia/commons/thumb/d/d3/Statue_of_Liberty%2C_NY.jpg/500px-Statue_of_Liberty%2C_NY.jpg,CC BY 2.0,William Warby,3558,2668,rejected,
images/external/statue-of-liberty/statue-of-liberty_04.jpg,external,,Tượng Nữ thần Tự do,travel_landscape,0,https://commons.wikimedia.org/wiki/File:Currier_and_Ives_Liberty2.jpg,https://upload.wikimedia.org/wikipedia/commons/thumb/e/ed/Currier_and_Ives_Liberty2.jpg/500px-Currier_and_Ives_Liberty2.jpg,Public domain,Currier &amp; Ives,4653,7400,rejected,"Tranh minh họa, không phải ảnh chụp địa danh."
images/external/statue-of-liberty/statue-of-liberty_05.jpg,external,,Tượng Nữ thần Tự do,travel_landscape,0,https://commons.wikimedia.org/wiki/File:LibertyStatue.JPG,https://upload.wikimedia.org/wikipedia/commons/thumb/6/67/LibertyStatue.JPG/500px-LibertyStatue.JPG,CC BY-SA 3.0,Jyothis  at  Malayalam Wikipedia,2592,1944,approved,
images/external/statue-of-liberty/statue-of-liberty_06.jpg,external,,Tượng Nữ thần Tự do,travel_landscape,0,https://commons.wikimedia.org/wiki/File:Statue_of_Liberty_frontal_2_crop.JPG,https://upload.wikimedia.org/wikipedia/commons/thumb/2/2e/Statue_of_Liberty_frontal_2_crop.JPG/500px-Statue_of_Liberty_frontal_2_crop.JPG,Public domain,Daniel Schwen,3185,4805,approved,
images/external/statue-of-liberty/statue-of-liberty_07.jpg,external,,Tượng Nữ thần Tự do,travel_landscape,0,"https://commons.wikimedia.org/wiki/File:New_York_City_(New_York,_USA),_Statue_of_Liberty_--_2012_--_6660.jpg",https://upload.wikimedia.org/wikipedia/commons/thumb/8/8c/New_York_City_%28New_York%2C_USA%29%2C_Statue_of_Liberty_--_2012_--_6660.jpg/500px-New_York_City_%28New_York%2C_USA%29%2C_Statue_of_Liberty_--_2012_--_6660.jpg,CC BY-SA 4.0,Dietmar Rabich,4586,2794,approved,
images/external/statue-of-liberty/statue-of-liberty_08.jpg,external,,Tượng Nữ thần Tự do,travel_landscape,0,"https://commons.wikimedia.org/wiki/File:New_York_City_(New_York,_USA),_Statue_of_Liberty_--_2012_--_6818.jpg",https://upload.wikimedia.org/wikipedia/commons/thumb/5/5b/New_York_City_%28New_York%2C_USA%29%2C_Statue_of_Liberty_--_2012_--_6818.jpg/500px-New_York_City_%28New_York%2C_USA%29%2C_Statue_of_Liberty_--_2012_--_6818.jpg,CC BY-SA 4.0,Dietmar Rabich,3329,4993,rejected,
images/non_travel/document/document_01.jpg,non_travel,,Tài liệu,document,0,https://commons.wikimedia.org/wiki/File:Scanned_Documents_057.jpg,https://upload.wikimedia.org/wikipedia/commons/thumb/d/d3/Scanned_Documents_057.jpg/500px-Scanned_Documents_057.jpg,Public domain,AAHAP,2816,2112,rejected,
images/non_travel/document/document_02.jpg,non_travel,,Tài liệu,document,0,"https://commons.wikimedia.org/wiki/File:Avrim_Blum_1973_(re-scanned,_portioned).jpg",https://upload.wikimedia.org/wikipedia/commons/thumb/8/8f/Avrim_Blum_1973_%28re-scanned%2C_portioned%29.jpg/500px-Avrim_Blum_1973_%28re-scanned%2C_portioned%29.jpg,CC BY-SA 4.0,George Bergman,2740,2230,rejected,
images/non_travel/document/document_03.jpg,non_travel,,Tài liệu,document,0,"https://commons.wikimedia.org/wiki/File:Ray_Kunze_circa_1989_(re-scanned;_portion_B,_headshot).jpg",https://upload.wikimedia.org/wikipedia/commons/thumb/8/8e/Ray_Kunze_circa_1989_%28re-scanned%3B_portion_B%2C_headshot%29.jpg/500px-Ray_Kunze_circa_1989_%28re-scanned%3B_portion_B%2C_headshot%29.jpg,CC BY-SA 4.0,George Bergman,2489,3110,rejected,"Ảnh chân dung, không phải tài liệu."
images/non_travel/document/document_04.jpg,non_travel,,Tài liệu,document,0,https://commons.wikimedia.org/wiki/File:Iranian_government_document_about_Qazi_Mohammad_rebellion_(1).jpg,https://upload.wikimedia.org/wikipedia/commons/thumb/4/47/Iranian_government_document_about_Qazi_Mohammad_rebellion_%281%29.jpg/500px-Iranian_government_document_about_Qazi_Mohammad_rebellion_%281%29.jpg,Public domain,Government of Iran,700,1019,approved,
images/non_travel/document/document_05.jpg,non_travel,,Tài liệu,document,0,https://commons.wikimedia.org/wiki/File:Iranian_government_document_about_Qazi_Mohammad_rebellion_(2).jpg,https://upload.wikimedia.org/wikipedia/commons/thumb/1/1f/Iranian_government_document_about_Qazi_Mohammad_rebellion_%282%29.jpg/500px-Iranian_government_document_about_Qazi_Mohammad_rebellion_%282%29.jpg,Public domain,Government of Iran,700,869,approved,
images/non_travel/document/document_06.jpg,non_travel,,Tài liệu,document,0,https://commons.wikimedia.org/wiki/File:Iranian_government_document_about_Qazi_Mohammad_rebellion_(4).jpg,https://upload.wikimedia.org/wikipedia/commons/thumb/6/66/Iranian_government_document_about_Qazi_Mohammad_rebellion_%284%29.jpg/500px-Iranian_government_document_about_Qazi_Mohammad_rebellion_%284%29.jpg,Public domain,Government of Iran,700,999,approved,
images/non_travel/document/document_07.jpg,non_travel,,Tài liệu,document,0,https://commons.wikimedia.org/wiki/File:Iranian_government_document_about_Qazi_Mohammad_rebellion_(5).jpg,https://upload.wikimedia.org/wikipedia/commons/thumb/6/6d/Iranian_government_document_about_Qazi_Mohammad_rebellion_%285%29.jpg/500px-Iranian_government_document_about_Qazi_Mohammad_rebellion_%285%29.jpg,Public domain,Government of Iran,700,787,approved,
images/non_travel/document/document_08.jpg,non_travel,,Tài liệu,document,0,https://commons.wikimedia.org/wiki/File:Iranian_government_document_about_Qazi_Mohammad_rebellion_(9).jpg,https://upload.wikimedia.org/wikipedia/commons/thumb/8/83/Iranian_government_document_about_Qazi_Mohammad_rebellion_%289%29.jpg/500px-Iranian_government_document_about_Qazi_Mohammad_rebellion_%289%29.jpg,Public domain,Government of Iran,700,918,rejected,
images/non_travel/screenshot/screenshot_05.jpg,non_travel,,Ảnh chụp màn hình,screenshot,0,https://commons.wikimedia.org/wiki/File:IBM_Thinkpad_R51.jpg,https://upload.wikimedia.org/wikipedia/commons/thumb/0/0e/IBM_Thinkpad_R51.jpg/500px-IBM_Thinkpad_R51.jpg,CC BY-SA 4.0,André Karwath aka  Aka,1291,1200,rejected,"Ảnh chụp laptop, không phải screenshot thuần."
images/non_travel/screenshot/screenshot_06.jpg,non_travel,,Ảnh chụp màn hình,screenshot,0,https://commons.wikimedia.org/wiki/File:Firefox_screenshot_wikipedia_041222.jpg,https://upload.wikimedia.org/wikipedia/commons/thumb/f/fa/Firefox_screenshot_wikipedia_041222.jpg/500px-Firefox_screenshot_wikipedia_041222.jpg,CC BY-SA 4.0,Original uploader was  Thuresson  at  sv.wikipedia,800,600,approved,
images/non_travel/screenshot/screenshot_07.png,non_travel,,Ảnh chụp màn hình,screenshot,0,https://commons.wikimedia.org/wiki/File:Blender_user_interface_2.50.PNG,https://upload.wikimedia.org/wikipedia/commons/thumb/c/cd/Blender_user_interface_2.50.PNG/500px-Blender_user_interface_2.50.PNG,CC BY-SA 3.0,Giannisf,1362,691,approved,
images/non_travel/screenshot/screenshot_08.jpg,non_travel,,Ảnh chụp màn hình,screenshot,0,https://commons.wikimedia.org/wiki/File:Normal_Color_inversion.jpg,https://upload.wikimedia.org/wikipedia/commons/thumb/c/c0/Normal_Color_inversion.jpg/500px-Normal_Color_inversion.jpg,Public domain,JacktheRipped,800,1280,approved,
images/non_travel/food/food_03.jpg,non_travel,,Đồ ăn,food,0,https://commons.wikimedia.org/wiki/File:Tomato-dish-2005-08-06.jpg,https://upload.wikimedia.org/wikipedia/commons/thumb/9/96/Tomato-dish-2005-08-06.jpg/500px-Tomato-dish-2005-08-06.jpg,CC BY-SA 3.0,,640,480,approved,
images/non_travel/food/food_04.jpg,non_travel,,Đồ ăn,food,0,https://commons.wikimedia.org/wiki/File:Tellinas_(Close-Up).jpg,https://upload.wikimedia.org/wikipedia/commons/thumb/1/1e/Tellinas_%28Close-Up%29.jpg/500px-Tellinas_%28Close-Up%29.jpg,CC BY 3.0,Tamorlan,3888,2592,approved,
images/non_travel/food/food_05.jpg,non_travel,,Đồ ăn,food,0,https://commons.wikimedia.org/wiki/File:Lasagne_-_stonesoup.jpg,https://upload.wikimedia.org/wikipedia/commons/thumb/b/ba/Lasagne_-_stonesoup.jpg/500px-Lasagne_-_stonesoup.jpg,CC BY 2.0,jules / stonesoup,2000,2050,approved,
images/non_travel/food/food_06.jpg,non_travel,,Đồ ăn,food,0,https://commons.wikimedia.org/wiki/File:%D4%BC%D5%A1%D5%A6%D5%A1%D5%B6%D5%AB%D5%A1.JPG,https://upload.wikimedia.org/wikipedia/commons/thumb/5/5d/%D4%BC%D5%A1%D5%A6%D5%A1%D5%B6%D5%AB%D5%A1.JPG/500px-%D4%BC%D5%A1%D5%A6%D5%A1%D5%B6%D5%AB%D5%A1.JPG,CC BY-SA 3.0,Chaojoker,4238,2806,approved,
images/non_travel/food/food_07.jpg,non_travel,,Đồ ăn,food,0,https://commons.wikimedia.org/wiki/File:Lasagna_(1).jpg,https://upload.wikimedia.org/wikipedia/commons/thumb/6/6b/Lasagna_%281%29.jpg/500px-Lasagna_%281%29.jpg,CC BY 2.0,jeffreyw,1600,1301,approved,
images/non_travel/food/food_08.jpg,non_travel,,Đồ ăn,food,0,https://commons.wikimedia.org/wiki/File:Thalassino_Youvetsi_close-up_-_Hellenic_Republic_AUD24.jpg,https://upload.wikimedia.org/wikipedia/commons/thumb/3/3b/Thalassino_Youvetsi_close-up_-_Hellenic_Republic_AUD24.jpg/500px-Thalassino_Youvetsi_close-up_-_Hellenic_Republic_AUD24.jpg,CC BY-SA 2.0,Alpha,2048,1371,approved,
images/non_travel/animal/animal_02.jpg,non_travel,,Động vật,animal,0,https://commons.wikimedia.org/wiki/File:Kazakh_shepard_with_dogs_and_horse.jpg,https://upload.wikimedia.org/wikipedia/commons/thumb/0/0c/Kazakh_shepard_with_dogs_and_horse.jpg/500px-Kazakh_shepard_with_dogs_and_horse.jpg,CC BY-SA 3.0,Airunp,640,480,approved,
images/non_travel/animal/animal_03.jpg,non_travel,,Động vật,animal,0,https://commons.wikimedia.org/wiki/File:Larus_portrait.jpg,https://upload.wikimedia.org/wikipedia/commons/thumb/6/60/Larus_portrait.jpg/500px-Larus_portrait.jpg,CC BY 2.0,Stefano Corso,1024,732,approved,
images/non_travel/animal/animal_04.jpg,non_travel,,Động vật,animal,0,https://commons.wikimedia.org/wiki/File:Sarcophagid_fly_Portrait.jpg,https://upload.wikimedia.org/wikipedia/commons/thumb/a/a2/Sarcophagid_fly_Portrait.jpg/500px-Sarcophagid_fly_Portrait.jpg,CC BY-SA 1.0,JJ Harrison  ( https://www.jjharrison.com.au/ ),1759,1282,approved,
images/non_travel/animal/animal_05.jpg,non_travel,,Động vật,animal,0,https://commons.wikimedia.org/wiki/File:Calliphora_vomitoria_Portrait.jpg,https://upload.wikimedia.org/wikipedia/commons/thumb/6/6c/Calliphora_vomitoria_Portrait.jpg/500px-Calliphora_vomitoria_Portrait.jpg,CC BY-SA 3.0,JJ Harrison  ( https://www.jjharrison.com.au/ ),1669,1298,approved,
images/non_travel/animal/animal_06.jpg,non_travel,,Động vật,animal,0,https://commons.wikimedia.org/wiki/File:Calliphora_sp_Portrait.jpg,https://upload.wikimedia.org/wikipedia/commons/thumb/8/85/Calliphora_sp_Portrait.jpg/500px-Calliphora_sp_Portrait.jpg,CC BY-SA 3.0,JJ Harrison  ( https://www.jjharrison.com.au/ ),1294,1928,approved,
images/non_travel/animal/animal_07.jpg,non_travel,,Động vật,animal,0,https://commons.wikimedia.org/wiki/File:Dragonfly_portrait_01_(MK).JPG,https://upload.wikimedia.org/wikipedia/commons/thumb/4/49/Dragonfly_portrait_01_%28MK%29.JPG/500px-Dragonfly_portrait_01_%28MK%29.JPG,CC BY-SA 3.0,Leviathan  (  talk  ),3000,2127,rejected,
images/non_travel/animal/animal_08.jpg,non_travel,,Động vật,animal,0,https://commons.wikimedia.org/wiki/File:Palamedes_-_portrait_de_femme_en_Granida.jpg,https://upload.wikimedia.org/wikipedia/commons/thumb/2/26/Palamedes_-_portrait_de_femme_en_Granida.jpg/500px-Palamedes_-_portrait_de_femme_en_Granida.jpg,Public domain,,1361,1600,rejected,
images/non_travel/object/object_02.jpg,non_travel,,Đồ vật,object,0,https://commons.wikimedia.org/wiki/File:NED_Synclavier_PSMT_product_label.jpg,https://upload.wikimedia.org/wikipedia/commons/thumb/8/88/NED_Synclavier_PSMT_product_label.jpg/500px-NED_Synclavier_PSMT_product_label.jpg,CC BY-SA 2.0,John R. Southern,2816,2112,rejected,
images/non_travel/object/object_03.jpg,non_travel,,Đồ vật,object,0,https://commons.wikimedia.org/wiki/File:Wurlitzer_4100_BW_product_plate.jpg,https://upload.wikimedia.org/wikipedia/commons/thumb/a/a1/Wurlitzer_4100_BW_product_plate.jpg/500px-Wurlitzer_4100_BW_product_plate.jpg,CC BY-SA 2.0,"Joe Whited  from Utica, USA",1024,768,approved,
images/non_travel/object/object_04.jpg,non_travel,,Đồ vật,object,0,https://commons.wikimedia.org/wiki/File:Packri_Monster_electronic_game_at_Play_Expo_2013.JPG,https://upload.wikimedia.org/wikipedia/commons/thumb/4/45/Packri_Monster_electronic_game_at_Play_Expo_2013.JPG/500px-Packri_Monster_electronic_game_at_Play_Expo_2013.JPG,CC BY-SA 3.0,Rept0n1x,4320,3240,approved,
images/non_travel/object/object_05.jpg,non_travel,,Đồ vật,object,0,"https://commons.wikimedia.org/wiki/File:Bank_Shot_Electronic_Pool_by_Parker_Brothers,_Copyright_1980_(LED_Handheld_Electronic_Game).jpg",https://upload.wikimedia.org/wikipedia/commons/thumb/d/d7/Bank_Shot_Electronic_Pool_by_Parker_Brothers%2C_Copyright_1980_%28LED_Handheld_Electronic_Game%29.jpg/500px-Bank_Shot_Electronic_Pool_by_Parker_Brothers%2C_Copyright_1980_%28LED_Handheld_Electronic_Game%29.jpg,CC BY-SA 2.0,Joe Haupt  from USA,3345,2998,approved,
images/non_travel/object/object_06.jpg,non_travel,,Đồ vật,object,0,"https://commons.wikimedia.org/wiki/File:Split_Second_by_Parker_Brothers,_Copyright_1980_(LED_Handheld_Electronic_Game).jpg",https://upload.wikimedia.org/wikipedia/commons/thumb/f/fc/Split_Second_by_Parker_Brothers%2C_Copyright_1980_%28LED_Handheld_Electronic_Game%29.jpg/500px-Split_Second_by_Parker_Brothers%2C_Copyright_1980_%28LED_Handheld_Electronic_Game%29.jpg,CC BY-SA 2.0,Joe Haupt  from USA,2378,3340,approved,
images/non_travel/object/object_07.jpg,non_travel,,Đồ vật,object,0,"https://commons.wikimedia.org/wiki/File:Brain_Drain_by_Radio_Shack,_Cat._No._60-2138,_Made_in_Taiwan,_(LED_Handheld_Electronic_Game).jpg",https://upload.wikimedia.org/wikipedia/commons/thumb/a/a2/Brain_Drain_by_Radio_Shack%2C_Cat._No._60-2138%2C_Made_in_Taiwan%2C_%28LED_Handheld_Electronic_Game%29.jpg/500px-Brain_Drain_by_Radio_Shack%2C_Cat._No._60-2138%2C_Made_in_Taiwan%2C_%28LED_Handheld_Electronic_Game%29.jpg,CC BY-SA 2.0,Joe Haupt  from USA,3041,3180,approved,
images/non_travel/object/object_08.jpg,non_travel,,Đồ vật,object,0,"https://commons.wikimedia.org/wiki/File:Reflex_by_Parker_Brothers,_No._4000,_Copyright_1981_(Electronic_Game)_-_Five_Electronic_Games_of_Quick_Reaction.jpg",https://upload.wikimedia.org/wikipedia/commons/thumb/0/08/Reflex_by_Parker_Brothers%2C_No._4000%2C_Copyright_1981_%28Electronic_Game%29_-_Five_Electronic_Games_of_Quick_Reaction.jpg/500px-Reflex_by_Parker_Brothers%2C_No._4000%2C_Copyright_1981_%28Electronic_Game%29_-_Five_Electronic_Games_of_Quick_Reaction.jpg,CC BY-SA 2.0,Joe Haupt  from USA,2746,2663,approved,
